"","GSPC.Open","GSPC.High","GSPC.Low","GSPC.Close","GSPC.Volume","GSPC.Adjusted"
"2000-01-01",1469.25,1478,1377.680054,1441.469971,5343800000,1441.469971
"2000-01-08",1441.469971,1473,1427.079956,1465.150024,5169700000,1465.150024
"2000-01-15",1465.150024,1465.709961,1438.540039,1441.359985,4.455e+09,1441.359985
"2000-01-22",1441.359985,1454.089966,1356.199951,1360.160034,5532100000,1360.160034
"2000-01-29",1360.160034,1435.910034,1350.140015,1424.369995,5.205e+09,1424.369995
"2000-02-05",1424.369995,1444.550049,1378.890015,1387.119995,5100800000,1387.119995
"2000-02-12",1387.119995,1407.719971,1345.319946,1346.089966,5115300000,1346.089966
"2000-02-19",1346.089966,1370.109985,1329.150024,1333.359985,4253900000,1333.359985
"2000-02-26",1333.359985,1410.880005,1325.069946,1409.170044,5853800000,1409.170044
"2000-03-04",1409.170044,1413.459961,1346.619995,1395.069946,5807900000,1395.069946
"2000-03-11",1395.069946,1477.329956,1356.98999,1464.469971,6190300000,1464.469971
"2000-03-18",1464.469971,1552.869995,1446.060059,1527.459961,5192200000,1527.459961
"2000-03-25",1527.459961,1534.630005,1474.630005,1498.579956,5342800000,1498.579956
"2000-04-01",1498.579956,1526.449951,1416.410034,1516.349976,5547060000,1516.349976
"2000-04-08",1516.349976,1527.189941,1339.400024,1356.560059,5312700000,1356.560059
"2000-04-15",1356.560059,1447.689941,1346.5,1434.540039,4211700000,1434.540039
"2000-04-22",1434.540039,1482.939941,1407.130005,1452.430054,5.035e+09,1452.430054
"2000-04-29",1452.430054,1481.51001,1398.359985,1432.630005,4700700000,1432.630005
"2000-05-06",1432.630005,1432.630005,1375.140015,1420.959961,4502400000,1420.959961
"2000-05-13",1420.959961,1470.400024,1401.73999,1406.949951,4292200000,1406.949951
"2000-05-20",1406.949951,1411.650024,1361.089966,1378.02002,4598300000,1378.02002
"2000-05-27",1378.02002,1483.22998,1378.02002,1477.26001,3927200000,1477.26001
"2000-06-03",1477.26001,1477.280029,1454.73999,1456.949951,4283600000,1456.949951
"2000-06-10",1456.949951,1483.619995,1442.380005,1464.459961,4901900000,1464.459961
"2000-06-17",1464.459961,1488.930054,1438.310059,1441.47998,4833100000,1441.47998
"2000-06-24",1441.47998,1467.630005,1434.630005,1454.599976,5597200000,1454.599976
"2000-07-01",1454.599976,1484.119995,1439.560059,1478.900024,3350200000,1478.900024
"2000-07-08",1478.900024,1509.98999,1470.47998,1509.97998,4807800000,1509.97998
"2000-07-15",1509.97998,1517.319946,1477.910034,1480.189941,4756600000,1480.189941
"2000-07-22",1480.189941,1485.880005,1413.890015,1419.890015,5221900000,1419.890015
"2000-07-29",1419.890015,1462.930054,1418.709961,1462.930054,4937400000,1462.930054
"2000-08-05",1462.930054,1490.329956,1453.060059,1471.839966,4677300000,1471.839966
"2000-08-12",1471.839966,1499.469971,1468.560059,1491.719971,4353300000,1491.719971
"2000-08-19",1491.719971,1513.469971,1489.52002,1506.449951,3944100000,1506.449951
"2000-08-26",1506.449951,1530.089966,1500.089966,1520.77002,4171900000,1520.77002
"2000-09-02",1520.77002,1520.77002,1489.880005,1494.5,3780100000,1494.5
"2000-09-09",1494.5,1506.76001,1460.219971,1465.810059,5241200000,1465.810059
"2000-09-16",1465.810059,1467.77002,1421.880005,1448.719971,5382300000,1448.719971
"2000-09-23",1448.719971,1461.689941,1419.439941,1436.51001,5.667e+09,1436.51001
"2000-09-30",1436.52002,1454.819946,1397.060059,1408.98999,5642900000,1408.98999
"2000-10-07",1408.98999,1409.689941,1327.079956,1374.170044,5760600000,1374.170044
"2000-10-14",1374.170044,1408.469971,1305.790039,1396.930054,6083900000,1396.930054
"2000-10-21",1396.930054,1415.640015,1337.810059,1379.579956,5911100000,1379.579956
"2000-10-28",1379.579956,1433.400024,1376.859985,1426.689941,5925100000,1426.689941
"2000-11-04",1428.76001,1438.459961,1365.969971,1365.97998,4794600000,1365.97998
"2000-11-11",1365.97998,1395.959961,1328.619995,1367.719971,5341600000,1367.719971
"2000-11-18",1367.719971,1367.719971,1321.890015,1341.77002,3460970000,1341.77002
"2000-11-25",1341.77002,1362.5,1294.900024,1315.22998,4758130000,1315.22998
"2000-12-02",1315.180054,1380.329956,1310.22998,1369.890015,5888900000,1369.890015
"2000-12-09",1369.890015,1389.050049,1305.380005,1312.150024,6103300000,1312.150024
"2000-12-16",1312.150024,1346.439941,1254.069946,1305.949951,6473400000,1305.949951
"2000-12-23",1305.969971,1340.099976,1301.640015,1320.280029,3.95e+09,1320.280029
"2000-12-30",1320.280029,1350.23999,1274.619995,1298.349976,6571900000,1298.349976
"2001-01-06",1298.349976,1333.209961,1276.290039,1318.550049,6290500000,1318.550049
"2001-01-13",1318.319946,1354.550049,1313.329956,1342.540039,5407600000,1342.540039
"2001-01-20",1342.540039,1369.75,1333.839966,1354.949951,6061600000,1354.949951
"2001-01-27",1354.920044,1383.369995,1348.719971,1349.469971,5665400000,1349.469971
"2001-02-03",1349.469971,1363.550049,1309.97998,1314.76001,5413600000,1314.76001
"2001-02-10",1314.76001,1336.619995,1293.180054,1301.530029,5675500000,1301.530029
"2001-02-17",1301.530029,1307.160034,1215.439941,1245.859985,4917900000,1245.859985
"2001-02-24",1245.859985,1272.76001,1214.5,1234.180054,6059100000,1234.180054
"2001-03-03",1234.180054,1267.420044,1228.420044,1233.420044,5353200000,1233.420044
"2001-03-10",1233.420044,1233.420044,1148.640015,1150.530029,6790360000,1150.530029
"2001-03-17",1150.530029,1180.560059,1081.189941,1139.829956,6797250000,1139.829956
"2001-03-24",1139.829956,1183.349976,1136.26001,1160.329956,6276900000,1160.329956
"2001-03-31",1160.329956,1169.51001,1091.98999,1128.430054,6701390000,1128.430054
"2001-04-07",1128.430054,1183.51001,1126.380005,1183.5,4804700000,1183.5
"2001-04-14",1183.5,1253.709961,1167.380005,1242.97998,6767900000,1242.97998
"2001-04-21",1242.97998,1253.069946,1207.380005,1253.050049,5869200000,1253.050049
"2001-04-28",1253.050049,1272.930054,1232,1266.609985,6010300000,1266.609985
"2001-05-05",1266.609985,1270,1240.790039,1245.670044,5050600000,1245.670044
"2001-05-12",1245.670044,1296.47998,1241.02002,1291.959961,5821700000,1291.959961
"2001-05-19",1291.959961,1315.930054,1276.420044,1277.890015,5498900000,1277.890015
"2001-05-26",1277.890015,1278.420044,1245.959961,1260.670044,4426200000,1260.670044
"2001-06-02",1260.670044,1286.619995,1256.359985,1264.959961,4.831e+09,1264.959961
"2001-06-09",1264.959961,1264.959961,1203.030029,1214.359985,5948650000,1214.359985
"2001-06-16",1214.359985,1240.23999,1207.709961,1225.349976,6382620000,1225.349976
"2001-06-23",1225.349976,1237.290039,1204.640015,1224.380005,6570760000,1224.380005
"2001-06-30",1224.420044,1239.780029,1188.73999,1190.589966,3742010000,1190.589966
"2001-07-07",1190.589966,1218.540039,1168.459961,1215.680054,6209300000,1215.680054
"2001-07-14",1215.680054,1225.040039,1196.140015,1210.849976,6108600000,1210.849976
"2001-07-21",1210.849976,1215.219971,1165.540039,1205.819946,5695500000,1205.819946
"2001-07-28",1205.819946,1226.27002,1200.410034,1214.349976,5536800000,1214.349976
"2001-08-04",1214.349976,1214.349976,1169.550049,1190.160034,5013400000,1190.160034
"2001-08-11",1190.160034,1198.790039,1156.069946,1161.969971,4897500000,1161.969971
"2001-08-18",1161.969971,1185.150024,1153.339966,1184.930054,5079300000,1184.930054
"2001-08-25",1184.930054,1186.849976,1124.869995,1133.579956,4870500000,1133.579956
"2001-09-01",1133.579956,1155.400024,1082.119995,1085.780029,5346800000,1085.780029
"2001-09-08",1085.780029,1096.939941,1073.150024,1092.540039,1276600000,1092.540039
"2001-09-15",1092.540039,1092.540039,944.75,965.799988,10423890000,965.799988
"2001-09-22",965.799988,1040.939941,965.799988,1040.939941,7.978e+09,1040.939941
"2001-09-29",1040.939941,1084.119995,1026.76001,1071.380005,7026800000,1071.380005
"2001-10-06",1071.369995,1099.160034,1052.76001,1091.650024,6555180000,1091.650024
"2001-10-13",1091.650024,1107.119995,1057.23999,1073.47998,6245200000,1073.47998
"2001-10-20",1073.47998,1110.609985,1065.640015,1104.609985,6368100000,1104.609985
"2001-10-27",1104.609985,1104.609985,1053.609985,1087.199951,6195300000,1087.199951
"2001-11-03",1087.199951,1135.75,1087.199951,1120.310059,6646300000,1120.310059
"2001-11-10",1120.310059,1148.280029,1098.319946,1138.650024,6.597e+09,1138.650024
"2001-11-17",1138.650024,1152.449951,1129.780029,1150.339966,4086600000,1150.339966
"2001-11-24",1150.339966,1163.380005,1125.51001,1139.449951,6560800000,1139.449951
"2001-12-01",1139.449951,1173.619995,1125.780029,1158.310059,7022800000,1158.310059
"2001-12-08",1158.310059,1158.310059,1114.530029,1123.089966,6853900000,1123.089966
"2001-12-15",1123.089966,1152.439941,1122.660034,1144.890015,7283800000,1144.890015
"2001-12-22",1144.890015,1164.640015,1144.619995,1161.02002,3024470000,1161.02002
"2001-12-29",1161.02002,1176.550049,1136.22998,1172.51001,5026500000,1172.51001
"2002-01-05",1172.51001,1176.969971,1145.449951,1145.599976,6.53e+09,1145.599976
"2002-01-12",1145.599976,1148.810059,1124.449951,1127.579956,6869200000,1127.579956
"2002-01-19",1127.579956,1139.5,1117.430054,1133.280029,5688700000,1133.280029
"2002-01-26",1133.280029,1138.630005,1081.660034,1122.199951,7942600000,1122.199951
"2002-02-02",1122.199951,1122.199951,1077.780029,1096.219971,7695200000,1096.219971
"2002-02-09",1096.219971,1124.719971,1094.680054,1104.180054,6101200000,1104.180054
"2002-02-16",1104.180054,1104.180054,1074.359985,1089.839966,5421400000,1089.839966
"2002-02-23",1089.839966,1131.790039,1089.839966,1131.780029,6919100000,1131.780029
"2002-03-02",1131.780029,1172.76001,1130.930054,1164.310059,7614300000,1164.310059
"2002-03-09",1164.310059,1173.030029,1151.01001,1166.160034,6571300000,1166.160034
"2002-03-16",1166.160034,1173.939941,1139.47998,1148.699951,6311900000,1148.699951
"2002-03-23",1148.699951,1154.449951,1131.609985,1147.390015,4609200000,1147.390015
"2002-03-30",1147.390015,1147.839966,1119.48999,1122.72998,5841300000,1122.72998
"2002-04-06",1122.72998,1131.76001,1102.420044,1111.01001,6566300000,1111.01001
"2002-04-13",1111.01001,1133,1099.410034,1125.170044,6382900000,1125.170044
"2002-04-20",1125.170044,1125.170044,1076.310059,1076.319946,6835100000,1076.319946
"2002-04-27",1076.319946,1091.420044,1063.459961,1073.430054,7043200000,1073.430054
"2002-05-04",1073.430054,1088.920044,1048.959961,1054.98999,6304200000,1054.98999
"2002-05-11",1054.98999,1106.589966,1053.900024,1106.589966,6454300000,1106.589966
"2002-05-18",1106.589966,1106.589966,1075.640015,1083.819946,5404900000,1083.819946
"2002-05-25",1083.819946,1085.97998,1054.26001,1067.140015,4642200000,1067.140015
"2002-06-01",1067.140015,1070.73999,1012.48999,1027.530029,7033800000,1027.530029
"2002-06-08",1027.530029,1039.040039,981.630005,1007.27002,7188820000,1007.27002
"2002-06-15",1007.27002,1040.829956,985.650024,989.140015,6652700000,989.140015
"2002-06-22",989.140015,1005.880005,952.919983,989.820007,9106190000,989.820007
"2002-06-29",989.820007,994.460022,934.869995,989.030029,5475700000,989.030029
"2002-07-06",989.030029,993.559998,900.940002,921.390015,8038080000,921.390015
"2002-07-13",921.390015,926.52002,842.070007,847.75,11375400000,847.75
"2002-07-20",847.76001,854.130005,775.679993,852.840027,11685440000,852.840027
"2002-07-27",852.840027,911.640015,852.840027,864.23999,8864400000,864.23999
"2002-08-03",864.23999,913.950012,833.440002,908.640015,7371600000,908.640015
"2002-08-10",908.640015,935.380005,876.200012,928.77002,6638400000,928.77002
"2002-08-17",928.77002,965,927.210022,940.859985,6405900000,940.859985
"2002-08-24",940.859985,955.820007,903.330017,916.070007,5672200000,916.070007
"2002-08-31",916.070007,916.070007,870.5,893.919983,5247700000,893.919983
"2002-09-07",893.919983,924.02002,877.049988,889.809998,5626200000,889.809998
"2002-09-14",889.809998,902.679993,839.090027,845.390015,7267800000,845.390015
"2002-09-21",845.390015,856.599976,817.380005,827.369995,7860140000,827.369995
"2002-09-28",827.369995,851.929993,794.099976,800.580017,8682100000,800.580017
"2002-10-05",800.580017,843.27002,768.630005,835.320007,9344320000,835.320007
"2002-10-12",835.320007,886.679993,828.369995,884.390015,7944790000,884.390015
"2002-10-19",884.390015,902.940002,873.059998,897.650024,7631070000,897.650024
"2002-10-26",897.650024,907.440002,867.909973,900.960022,7426300000,900.960022
"2002-11-02",900.960022,925.659973,891.619995,894.73999,7587400000,894.73999
"2002-11-09",894.73999,910.210022,872.049988,909.830017,6872600000,909.830017
"2002-11-16",909.830017,937.280029,893.090027,930.549988,8179200000,930.549988
"2002-11-23",930.549988,941.820007,912.099976,936.309998,5111360000,936.309998
"2002-11-30",936.309998,954.280029,895.960022,912.22998,7180600000,912.22998
"2002-12-07",912.22998,912.22998,888.47998,889.47998,6478600000,889.47998
"2002-12-14",889.47998,911.219971,880.320007,895.76001,7138230000,895.76001
"2002-12-21",895.73999,903.890015,873.619995,875.400024,3049910000,875.400024
"2002-12-28",875.400024,911.25,869.450012,908.590027,4506300000,908.590027
"2003-01-04",908.590027,932.890015,908.320007,927.570007,7494400000,927.570007
"2003-01-11",927.570007,935.049988,899.02002,901.780029,7100600000,901.780029
"2003-01-18",901.780029,906,859.710022,861.400024,6215350000,861.400024
"2003-01-25",861.400024,868.719971,840.340027,855.700012,7579230000,855.700012
"2003-02-01",855.700012,864.640015,826.700012,829.690002,6868600000,829.690002
"2003-02-08",829.690002,843.02002,806.289978,834.890015,6699600000,834.890015
"2003-02-15",834.890015,852.869995,831.47998,848.169983,4918700000,848.169983
"2003-02-22",848.169983,848.169983,818.539978,841.150024,6748400000,841.150024
"2003-03-01",841.150024,852.340027,811.22998,828.890015,6465900000,828.890015
"2003-03-08",828.890015,841.390015,788.900024,833.27002,7660900000,833.27002
"2003-03-15",833.27002,895.900024,827.169983,895.789978,8051730000,895.789978
"2003-03-22",895.789978,895.789978,858.090027,863.5,6.406e+09,863.5
"2003-03-29",863.5,885.890015,843.679993,878.849976,7127600000,878.849976
"2003-04-05",878.849976,904.890015,862.76001,868.299988,6.44e+09,868.299988
"2003-04-12",868.299988,896.77002,868.299988,893.580017,5609400000,893.580017
"2003-04-19",893.580017,919.73999,886.700012,898.809998,7.401e+09,898.809998
"2003-04-26",898.809998,930.559998,898.809998,930.080017,7538910000,930.080017
"2003-05-03",930.080017,939.609985,919.719971,933.409973,7333500000,933.409973
"2003-05-10",933.409973,948.650024,929.299988,944.299988,7212900000,944.299988
"2003-05-17",944.299988,944.299988,912.049988,933.219971,6988300000,933.219971
"2003-05-24",933.219971,965.380005,927.330017,963.590027,6465600000,963.590027
"2003-05-31",963.590027,1007.690002,963.590027,987.76001,8261700000,987.76001
"2003-06-07",987.76001,1002.73999,972.590027,988.609985,6927100000,988.609985
"2003-06-14",988.609985,1015.330017,988.609985,995.690002,7542600000,995.690002
"2003-06-21",995.690002,995.690002,973.799988,976.219971,6900800000,976.219971
"2003-06-28",976.219971,995,962.099976,985.700012,5342600000,985.700012
"2003-07-05",985.700012,1010.429993,983.630005,998.140015,7291200000,998.140015
"2003-07-12",998.140015,1015.409973,978.599976,993.320007,7656100000,993.320007
"2003-07-19",993.320007,998.890015,975.630005,998.679993,7013100000,998.679993
"2003-07-26",998.679993,1004.590027,978.859985,980.150024,7.228e+09,980.150024
"2003-08-02",980.150024,985.75,960.840027,977.590027,6637300000,977.590027
"2003-08-09",977.590027,992.5,974.210022,990.669983,5186470000,990.669983
"2003-08-16",990.669983,1011.01001,990.669983,993.059998,6.355e+09,993.059998
"2003-08-23",993.059998,1008.849976,983.570007,1008.01001,5312100000,1008.01001
"2003-08-30",1008.01001,1029.339966,1005.72998,1021.390015,6065200000,1021.390015
"2003-09-06",1021.390015,1032.410034,1007.710022,1018.630005,6868800000,1018.630005
"2003-09-13",1018.630005,1040.290039,1013.590027,1036.300049,6910110000,1036.300049
"2003-09-20",1036.300049,1036.300049,996.080017,996.849976,7.139e+09,996.849976
"2003-09-27",996.849976,1039.310059,990.359985,1029.849976,7363100000,1029.849976
"2003-10-04",1029.849976,1048.280029,1026.27002,1038.060059,6254600000,1038.060059
"2003-10-11",1038.060059,1053.790039,1036.569946,1039.319946,6603200000,1039.319946
"2003-10-18",1039.319946,1048.569946,1018.320007,1028.910034,7342400000,1028.910034
"2003-10-25",1028.910034,1053.089966,1028.910034,1050.709961,7692200000,1050.709961
"2003-11-01",1050.709961,1062.390015,1044.880005,1053.209961,7.092e+09,1053.209961
"2003-11-08",1053.209961,1063.650024,1043.459961,1050.349976,6494500000,1050.349976
"2003-11-15",1050.349976,1050.349976,1031.199951,1035.280029,6655300000,1035.280029
"2003-11-22",1035.280029,1060.630005,1035.280029,1058.199951,4221420000,1058.199951
"2003-11-29",1058.199951,1074.300049,1058.199951,1061.5,6928900000,1061.5
"2003-12-06",1061.5,1074.76001,1053.410034,1074.140015,6792600000,1074.140015
"2003-12-13",1074.140015,1091.060059,1068,1088.660034,7747600000,1088.660034
"2003-12-20",1088.660034,1098.469971,1086.140015,1095.890015,3271130000,1095.890015
"2003-12-27",1095.890015,1118.849976,1095.890015,1108.47998,4252100000,1108.47998
"2004-01-03",1108.47998,1131.920044,1108.47998,1121.859985,8366700000,1121.859985
"2004-01-10",1121.859985,1139.829956,1115.189941,1139.829956,8036800000,1139.829956
"2004-01-17",1139.829956,1150.51001,1134.619995,1141.550049,6710700000,1141.550049
"2004-01-24",1141.550049,1155.380005,1122.380005,1131.130005,8552600000,1131.130005
"2004-01-31",1131.130005,1142.790039,1124.439941,1142.76001,7755100000,1142.76001
"2004-02-07",1142.76001,1158.890015,1138.699951,1145.810059,7200200000,1145.810059
"2004-02-14",1145.810059,1158.97998,1139,1144.109985,5821300000,1144.109985
"2004-02-21",1144.109985,1151.680054,1134.430054,1144.939941,7.209e+09,1144.939941
"2004-02-28",1144.939941,1163.22998,1143.780029,1156.859985,6971600000,1156.859985
"2004-03-06",1156.859985,1159.939941,1105.869995,1120.569946,7680600000,1120.569946
"2004-03-13",1120.569946,1125.76001,1102.609985,1109.780029,7.418e+09,1109.780029
"2004-03-20",1109.780029,1115.27002,1087.160034,1108.060059,7229100000,1108.060059
"2004-03-27",1108.060059,1144.810059,1108.060059,1141.810059,7488500000,1141.810059
"2004-04-03",1141.810059,1150.569946,1134.52002,1139.319946,5.47e+09,1139.319946
"2004-04-10",1139.319946,1147.780029,1120.75,1134.609985,7129800000,1134.609985
"2004-04-17",1134.560059,1142.77002,1116.030029,1140.599976,7664300000,1140.599976
"2004-04-24",1140.599976,1146.560059,1107.22998,1107.300049,8157900000,1107.300049
"2004-05-01",1107.300049,1127.73999,1098.630005,1098.699951,7865600000,1098.699951
"2004-05-08",1098.699951,1102.77002,1076.319946,1095.699951,7896800000,1095.699951
"2004-05-15",1095.699951,1105.930054,1079.359985,1093.560059,6801300000,1093.560059
"2004-05-22",1093.560059,1123.949951,1090.73999,1120.680054,6762700000,1120.680054
"2004-05-29",1120.680054,1129.170044,1113.319946,1122.5,4837400000,1122.5
"2004-06-05",1122.5,1142.180054,1122.5,1136.469971,4839500000,1136.469971
"2004-06-12",1136.469971,1138.959961,1122.160034,1135.02002,6.491e+09,1135.02002
"2004-06-19",1135.02002,1146.339966,1124.369995,1134.430054,7158200000,1134.430054
"2004-06-26",1134.430054,1144.199951,1123.060059,1125.380005,6784100000,1125.380005
"2004-07-03",1125.380005,1125.380005,1108.719971,1112.810059,5199300000,1112.810059
"2004-07-10",1112.810059,1119.599976,1101.069946,1101.390015,6635300000,1101.390015
"2004-07-17",1101.390015,1116.27002,1083.560059,1086.199951,7463500000,1086.199951
"2004-07-24",1086.199951,1103.72998,1078.780029,1101.719971,7406800000,1101.719971
"2004-07-31",1101.719971,1108.599976,1062.22998,1063.969971,6901900000,1063.969971
"2004-08-07",1063.969971,1079.040039,1060.719971,1064.800049,6322200000,1064.800049
"2004-08-14",1064.800049,1100.26001,1064.800049,1098.349976,6205800000,1098.349976
"2004-08-21",1098.349976,1109.680054,1092.819946,1107.77002,5175600000,1107.77002
"2004-08-28",1107.77002,1120.800049,1094.719971,1113.630005,5165970000,1113.630005
"2004-09-04",1113.630005,1125.26001,1113.619995,1123.920044,5093200000,1123.920044
"2004-09-11",1123.920044,1130.140015,1119.819946,1128.550049,6296800000,1128.550049
"2004-09-18",1128.550049,1131.540039,1108.050049,1110.109985,6444200000,1110.109985
"2004-09-25",1110.109985,1131.640015,1101.290039,1131.5,7393200000,1131.5
"2004-10-02",1131.5,1142.050049,1120.189941,1122.140015,7108200000,1122.140015
"2004-10-09",1122.140015,1127.01001,1102.060059,1108.199951,6944700000,1108.199951
"2004-10-16",1108.199951,1117.959961,1094.25,1095.73999,7939100000,1095.73999
"2004-10-23",1095.73999,1131.400024,1090.290039,1130.199951,7936800000,1130.199951
"2004-10-30",1130.199951,1170.869995,1127.599976,1166.170044,8329500000,1166.170044
"2004-11-06",1166.170044,1184.170044,1162.319946,1184.170044,7238400000,1184.170044
"2004-11-13",1184.170044,1188.459961,1169.189941,1170.339966,7485200000,1170.339966
"2004-11-20",1170.339966,1186.619995,1167.890015,1182.650024,4475180000,1182.650024
"2004-11-27",1182.650024,1197.459961,1172.369995,1191.170044,8046400000,1191.170044
"2004-12-04",1191.170044,1192.410034,1173.790039,1188,7481900000,1188
"2004-12-11",1188,1207.969971,1188,1194.199951,8805200000,1194.199951
"2004-12-18",1194.199951,1213.660034,1193.359985,1210.130005,5253400000,1210.130005
"2004-12-25",1210.130005,1217.329956,1204.920044,1211.920044,4447600000,1211.920044
"2005-01-01",1211.920044,1217.800049,1182.160034,1186.189941,8017700000,1186.189941
"2005-01-08",1186.189941,1194.780029,1175.640015,1184.52002,7.387e+09,1184.52002
"2005-01-15",1184.52002,1195.97998,1167.819946,1167.869995,6.431e+09,1167.869995
"2005-01-22",1167.869995,1177.5,1163.75,1171.359985,7983300000,1171.359985
"2005-01-29",1171.359985,1203.469971,1171.359985,1203.030029,8126140000,1203.030029
"2005-02-05",1203.030029,1208.380005,1191.540039,1205.300049,7328450000,1205.300049
"2005-02-12",1205.300049,1212.439941,1197.349976,1201.589966,7438680000,1201.589966
"2005-02-19",1201.589966,1212.150024,1184.160034,1211.369995,6288460000,1211.369995
"2005-02-26",1211.369995,1224.76001,1198.130005,1222.119995,8325140000,1222.119995
"2005-03-05",1222.119995,1229.109985,1198.150024,1200.079956,7770730000,1200.079956
"2005-03-12",1200.079956,1210.540039,1182.780029,1189.650024,8530450000,1189.650024
"2005-03-19",1189.650024,1189.650024,1168.699951,1171.420044,7902500000,1171.420044
"2005-03-26",1171.420044,1189.800049,1163.689941,1172.920044,10449500000,1172.920044
"2005-04-02",1172.790039,1191.880005,1167.719971,1181.199951,9309920000,1181.199951
"2005-04-09",1181.199951,1190.170044,1141.920044,1142.619995,10599880000,1142.619995
"2005-04-16",1142.619995,1159.949951,1136.150024,1152.119995,10894860000,1152.119995
"2005-04-23",1152.119995,1164.800049,1139.189941,1156.849976,10450920000,1156.849976
"2005-04-30",1156.849976,1178.619995,1154.709961,1171.349976,10157840000,1171.349976
"2005-05-07",1171.349976,1178.869995,1146.180054,1154.050049,9765530000,1154.050049
"2005-05-14",1154.050049,1191.219971,1153.640015,1189.280029,9418050000,1189.280029
"2005-05-21",1189.280029,1199.560059,1185.959961,1198.780029,8139890000,1198.780029
"2005-05-28",1198.780029,1205.640015,1191.030029,1196.02002,7092090000,1196.02002
"2005-06-04",1196.02002,1208.849976,1191.089966,1198.109985,8602280000,1198.109985
"2005-06-11",1198.109985,1219.550049,1194.51001,1216.959961,9383350000,1216.959961
"2005-06-18",1216.959961,1219.589966,1191.449951,1191.569946,9707200000,1191.569946
"2005-06-25",1191.569946,1204.069946,1188.300049,1194.439941,8983620000,1194.439941
"2005-07-02",1194.439941,1212.72998,1183.550049,1211.859985,7542540000,1211.859985
"2005-07-09",1211.859985,1233.160034,1211.859985,1227.920044,9355920000,1227.920044
"2005-07-16",1227.920044,1236.560059,1221.130005,1233.680054,9583550000,1233.680054
"2005-07-23",1233.680054,1245.150024,1228.150024,1234.180054,9388840000,1234.180054
"2005-07-30",1234.180054,1245.859985,1225.619995,1226.420044,9671470000,1226.420044
"2005-08-06",1226.420044,1242.689941,1222.670044,1230.390015,9524840000,1230.390015
"2005-08-13",1230.400024,1236.23999,1215.930054,1219.709961,8609400000,1219.709961
"2005-08-20",1219.709961,1228.959961,1204.22998,1205.099976,8342950000,1205.099976
"2005-08-27",1205.099976,1227.290039,1201.069946,1218.02002,9751450000,1218.02002
"2005-09-03",1218.02002,1243.130005,1218.02002,1241.47998,7947730000,1241.47998
"2005-09-10",1241.47998,1242.599976,1224.849976,1237.910034,11238970000,1237.910034
"2005-09-17",1237.910034,1237.910034,1205.349976,1215.290039,11341680000,1215.290039
"2005-09-24",1215.290039,1229.569946,1211.109985,1228.810059,10379110000,1228.810059
"2005-10-01",1228.810059,1233.339966,1181.920044,1195.900024,11903800000,1195.900024
"2005-10-08",1195.900024,1196.52002,1168.199951,1186.569946,11526400000,1186.569946
"2005-10-15",1186.569946,1197.300049,1170.550049,1179.589966,12043340000,1179.589966
"2005-10-22",1179.589966,1204.01001,1178.890015,1198.410034,11752780000,1198.410034
"2005-10-29",1198.410034,1224.699951,1198.410034,1220.140015,12440550000,1220.140015
"2005-11-05",1220.140015,1235.699951,1215.050049,1234.719971,10318690000,1234.719971
"2005-11-12",1234.719971,1249.579956,1226.410034,1248.27002,11132060000,1248.27002
"2005-11-19",1248.27002,1270.640015,1246.900024,1268.25,7119110000,1268.25
"2005-11-26",1268.25,1268.439941,1249.390015,1265.079956,11400340000,1265.079956
"2005-12-03",1265.079956,1272.890015,1250.910034,1259.369995,1.0605e+10,1259.369995
"2005-12-10",1259.369995,1275.800049,1255.52002,1267.319946,11176870000,1267.319946
"2005-12-17",1267.319946,1270.51001,1257.209961,1268.660034,9444980000,1268.660034
"2005-12-24",1268.660034,1271.829956,1246.589966,1248.290039,5788870000,1248.290039
"2005-12-31",1248.290039,1286.089966,1245.73999,1285.449951,9949800000,1285.449951
"2006-01-07",1285.449951,1294.900024,1282.780029,1287.609985,11605560000,1287.609985
"2006-01-14",1287.609985,1287.790039,1260.920044,1261.48999,9.703e+09,1261.48999
"2006-01-21",1261.48999,1286.380005,1259.420044,1283.719971,12962250000,1283.719971
"2006-01-28",1283.719971,1287.939941,1261.02002,1264.030029,12427960000,1264.030029
"2006-02-04",1264.030029,1274.560059,1253.609985,1266.98999,11687560000,1266.98999
"2006-02-11",1266.98999,1289.469971,1258.339966,1287.23999,10985360000,1287.23999
"2006-02-18",1287.23999,1294.170044,1281.329956,1289.430054,8403920000,1289.430054
"2006-02-25",1289.430054,1297.569946,1278.660034,1287.22998,11302040000,1287.22998
"2006-03-04",1287.22998,1288.22998,1268.420044,1281.420044,11254670000,1281.420044
"2006-03-11",1281.579956,1310.449951,1281.579956,1307.25,11370400000,1307.25
"2006-03-18",1307.25,1310.880005,1295.810059,1302.949951,10471020000,1302.949951
"2006-03-25",1302.949951,1310.150024,1291.839966,1294.869995,10853090000,1294.869995
"2006-04-01",1302.880005,1314.069946,1294.180054,1295.5,11425910000,1295.5
"2006-04-08",1295.51001,1300.73999,1282.959961,1289.119995,7961240000,1289.119995
"2006-04-15",1289.119995,1318.160034,1280.73999,1311.280029,11742950000,1311.280029
"2006-04-22",1311.280029,1316.040039,1295.569946,1310.609985,12178330000,1310.609985
"2006-04-29",1310.609985,1326.530029,1303.459961,1325.76001,11961950000,1325.76001
"2006-05-06",1325.76001,1326.699951,1290.380005,1291.23999,11676630000,1291.23999
"2006-05-13",1291.189941,1297.880005,1256.280029,1267.030029,13241860000,1267.030029
"2006-05-20",1267.030029,1280.540039,1245.339966,1280.160034,12564040000,1280.160034
"2006-05-27",1280.040039,1290.680054,1259.380005,1288.219971,9524050000,1288.219971
"2006-06-03",1288.160034,1288.160034,1235.180054,1252.300049,13413080000,1252.300049
"2006-06-10",1252.27002,1258.640015,1219.290039,1251.540039,13689640000,1251.540039
"2006-06-17",1251.540039,1257.959961,1237.170044,1244.5,11276830000,1244.5
"2006-06-24",1244.5,1276.300049,1237.589966,1270.199951,11838010000,1270.199951
"2006-07-01",1270.060059,1280.380005,1263.130005,1265.47998,7276850000,1265.47998
"2006-07-08",1265.459961,1274.060059,1228.449951,1236.199951,11428770000,1236.199951
"2006-07-15",1236.199951,1262.560059,1224.540039,1240.290039,12379810000,1240.290039
"2006-07-22",1240.25,1280.420044,1240.25,1278.550049,12801490000,1278.550049
"2006-07-29",1278.530029,1292.920044,1265.709961,1279.359985,12859150000,1279.359985
"2006-08-05",1279.310059,1283.73999,1261.300049,1266.73999,11465410000,1266.73999
"2006-08-12",1266.670044,1302.300049,1266.670044,1302.300049,11498940000,1302.300049
"2006-08-19",1302.300049,1302.48999,1289.819946,1295.089966,9159550000,1295.089966
"2006-08-26",1295.089966,1312.030029,1293.969971,1311.01001,9764390000,1311.01001
"2006-09-02",1310.939941,1314.670044,1292.130005,1298.920044,8903090000,1298.920044
"2006-09-09",1298.859985,1324.650024,1290.930054,1319.660034,13444480000,1319.660034
"2006-09-16",1319.849976,1328.530029,1310.939941,1314.780029,12049320000,1314.780029
"2006-09-23",1314.780029,1340.280029,1311.579956,1335.849976,12804030000,1335.849976
"2006-09-30",1335.819946,1353.790039,1327.099976,1349.589966,13197290000,1349.589966
"2006-10-07",1349.579956,1366.630005,1343.569946,1365.619995,11829580000,1365.619995
"2006-10-14",1365.609985,1372.869995,1356.869995,1368.599976,12630620000,1368.599976
"2006-10-21",1368.579956,1389.449951,1363.939941,1377.339966,13562660000,1377.339966
"2006-10-28",1377.300049,1381.949951,1360.97998,1364.300049,13460540000,1364.300049
"2006-11-04",1364.27002,1388.920044,1364.27002,1380.900024,13287010000,1380.900024
"2006-11-11",1380.579956,1403.76001,1378.800049,1401.199951,13806780000,1401.199951
"2006-11-18",1401.170044,1407.890015,1397.849976,1400.949951,8214910000,1400.949951
"2006-11-25",1400.949951,1406.300049,1377.829956,1396.709961,14949140000,1396.709961
"2006-12-02",1396.670044,1418.27002,1396.670044,1409.839966,13430910000,1409.839966
"2006-12-09",1409.810059,1431.630005,1404.75,1427.089966,13539610000,1427.089966
"2006-12-16",1427.079956,1431.810059,1410.280029,1410.76001,11642830000,1410.76001
"2006-12-23",1410.75,1427.719971,1410.449951,1418.300049,6164450000,1418.300049
"2006-12-30",1418.030029,1429.420044,1405.75,1409.709961,9353020000,1409.709961
"2007-01-06",1409.26001,1431.22998,1403.969971,1430.72998,14110730000,1430.72998
"2007-01-13",1430.72998,1435.27002,1424.209961,1430.5,10889710000,1430.5
"2007-01-20",1430.469971,1440.689941,1416.959961,1422.180054,13919320000,1422.180054
"2007-01-27",1422.030029,1449.329956,1418.459961,1448.390015,13897760000,1448.390015
"2007-02-03",1448.329956,1452.98999,1433.439941,1438.060059,13434950000,1438.060059
"2007-02-10",1438,1457.969971,1431.439941,1455.540039,12637490000,1455.540039
"2007-02-17",1455.530029,1461.569946,1448.359985,1451.189941,9475560000,1451.189941
"2007-02-24",1451.040039,1456.949951,1380.869995,1387.170044,17999820000,1387.170044
"2007-03-03",1387.109985,1410.150024,1373.969971,1402.839966,15617930000,1402.839966
"2007-03-10",1402.800049,1409.339966,1363.97998,1386.949951,16123460000,1386.949951
"2007-03-17",1386.949951,1438.890015,1386.949951,1436.109985,14506880000,1436.109985
"2007-03-24",1436.109985,1437.650024,1408.900024,1420.859985,14186810000,1420.859985
"2007-03-31",1420.829956,1444.880005,1416.369995,1443.76001,10771190000,1443.76001
"2007-04-07",1443.77002,1453.109985,1433.910034,1452.849976,13270300000,1452.849976
"2007-04-14",1452.839966,1484.73999,1452.839966,1484.349976,15005590000,1484.349976
"2007-04-21",1484.329956,1498.02002,1473.73999,1494.069946,14891970000,1494.069946
"2007-04-28",1494.069946,1510.339966,1476.699951,1505.619995,15453470000,1505.619995
"2007-05-05",1505.569946,1513.800049,1491.420044,1505.849976,14028380000,1505.849976
"2007-05-12",1505.76001,1522.75,1498.339966,1522.75,14590190000,1522.75
"2007-05-19",1522.75,1532.430054,1505.180054,1515.72998,15091900000,1515.72998
"2007-05-26",1515.550049,1540.560059,1510.060059,1536.339966,11814550000,1536.339966
"2007-06-02",1536.280029,1540.530029,1487.410034,1507.670044,15174500000,1507.670044
"2007-06-09",1507.640015,1538.709961,1492.650024,1532.910034,14879070000,1532.910034
"2007-06-16",1532.900024,1537.319946,1500.73999,1502.560059,16086160000,1502.560059
"2007-06-23",1502.560059,1517.530029,1484.180054,1503.349976,16256050000,1503.349976
"2007-06-30",1504.660034,1532.400024,1504.660034,1530.439941,9274250000,1530.439941
"2007-07-07",1530.430054,1555.099976,1506.099976,1552.5,15333250000,1552.5
"2007-07-14",1552.5,1555.900024,1529.199951,1534.099976,16317700000,1534.099976
"2007-07-21",1534.060059,1547.22998,1458.949951,1458.949951,20758930000,1458.949951
"2007-07-28",1458.930054,1488.300049,1432.800049,1433.060059,22551040000,1433.060059
"2007-08-04",1433.040039,1503.890015,1427.390015,1453.640015,26711530000,1453.640015
"2007-08-11",1453.420044,1466.290039,1370.599976,1445.939941,21881180000,1445.939941
"2007-08-18",1445.939941,1479.400024,1430.540039,1479.369995,15268400000,1479.369995
"2007-08-25",1479.359985,1481.469971,1432.01001,1473.98999,13622910000,1473.98999
"2007-09-01",1473.959961,1496.400024,1449.069946,1453.550049,11408870000,1453.550049
"2007-09-08",1453.5,1489.579956,1439.290039,1484.25,14255590000,1484.25
"2007-09-15",1484.23999,1538.73999,1471.819946,1525.75,16791240000,1525.75
"2007-09-22",1525.75,1533.73999,1507.130005,1526.75,1.5354e+10,1526.75
"2007-09-29",1527.290039,1561.910034,1527.25,1557.589966,15058680000,1557.589966
"2007-10-06",1556.51001,1576.089966,1546.719971,1561.800049,14717400000,1561.800049
"2007-10-13",1562.25,1564.73999,1500.26001,1500.630005,17376100000,1500.630005
"2007-10-20",1497.790039,1535.530029,1489.560059,1535.280029,18580330000,1535.280029
"2007-10-27",1536.920044,1552.76001,1492.530029,1509.650024,18817530000,1509.650024
"2007-11-03",1505.609985,1520.77002,1448.51001,1453.699951,22078420000,1453.699951
"2007-11-10",1453.660034,1492.140015,1438.530029,1458.73999,20475180000,1458.73999
"2007-11-17",1456.699951,1456.699951,1415.640015,1440.699951,14683750000,1440.699951
"2007-11-24",1440.73999,1488.939941,1406.099976,1481.140015,20482140000,1481.140015
"2007-12-01",1479.630005,1510.630005,1460.660034,1504.660034,17076810000,1504.660034
"2007-12-08",1505.109985,1523.569946,1467.780029,1467.949951,18510280000,1467.949951
"2007-12-15",1465.050049,1485.400024,1435.650024,1484.459961,18729500000,1484.459961
"2007-12-22",1484.550049,1498.849976,1471.699951,1478.48999,8064200000,1478.48999
"2007-12-29",1475.25,1475.829956,1411.189941,1411.630005,13489030000,1411.630005
"2008-01-05",1414.069946,1430.280029,1378.699951,1401.02002,23944010000,1401.02002
"2008-01-12",1402.910034,1417.890015,1312.51001,1325.189941,25032320000,1325.189941
"2008-01-19",1312.939941,1368.560059,1270.050049,1330.609985,20403920000,1330.609985
"2008-01-26",1330.699951,1396.02002,1322.26001,1395.420044,22697710000,1395.420044
"2008-02-02",1395.380005,1395.380005,1316.75,1331.290039,20177290000,1331.290039
"2008-02-09",1331.920044,1369.22998,1320.319946,1349.98999,18722260000,1349.98999
"2008-02-16",1355.859985,1367.939941,1327.040039,1353.109985,14753390000,1353.109985
"2008-02-23",1352.75,1388.339966,1325.420044,1330.630005,20232420000,1330.630005
"2008-03-01",1330.449951,1344.189941,1282.430054,1293.369995,22041330000,1293.369995
"2008-03-08",1293.160034,1333.26001,1272.660034,1288.140015,24011740000,1288.140015
"2008-03-15",1283.209961,1341.51001,1256.97998,1329.51001,22522410000,1329.51001
"2008-03-22",1330.290039,1359.680054,1312.949951,1315.219971,20424700000,1315.219971
"2008-03-29",1315.920044,1380.910034,1312.810059,1370.400024,20877750000,1370.400024
"2008-04-05",1373.689941,1386.73999,1331.209961,1332.829956,18316890000,1332.829956
"2008-04-12",1332.199951,1395.900024,1324.349976,1390.329956,19342880000,1390.329956
"2008-04-19",1387.719971,1399.109985,1369.839966,1397.839966,19698890000,1397.839966
"2008-04-26",1397.959961,1422.719971,1383.069946,1413.900024,20333020000,1413.900024
"2008-05-03",1415.339966,1421.569946,1384.109985,1388.280029,18756220000,1388.280029
"2008-05-10",1389.400024,1425.819946,1386.199951,1425.349976,19047660000,1425.349976
"2008-05-17",1425.280029,1440.23999,1373.719971,1375.930054,19528620000,1375.930054
"2008-05-24",1375.969971,1406.319946,1373.069946,1400.380005,15256170000,1400.380005
"2008-05-31",1399.619995,1404.050049,1359.900024,1360.680054,21571790000,1360.680054
"2008-06-07",1360.829956,1370.630005,1331.290039,1360.030029,22634280000,1360.030029
"2008-06-14",1358.849976,1366.589966,1314.459961,1317.930054,22219040000,1317.930054
"2008-06-21",1319.77002,1335.630005,1272,1278.380005,25156600000,1278.380005
"2008-06-28",1278.060059,1292.170044,1252.01001,1262.900024,19402300000,1262.900024
"2008-07-05",1262.900024,1277.359985,1225.349976,1239.48999,29063160000,1239.48999
"2008-07-12",1241.609985,1262.310059,1200.439941,1260.680054,32555620000,1260.680054
"2008-07-19",1261.819946,1291.170044,1248.829956,1257.76001,28317240000,1257.76001
"2008-07-26",1257.76001,1284.930054,1234.369995,1260.310059,25359450000,1260.310059
"2008-08-02",1253.27002,1297.849976,1247.449951,1296.319946,20941200000,1296.319946
"2008-08-09",1294.420044,1313.150024,1274.859985,1298.199951,22672020000,1298.199951
"2008-08-16",1298.140015,1300.219971,1261.160034,1292.199951,20317740000,1292.199951
"2008-08-23",1290.469971,1300.680054,1263.209961,1282.829956,17650180000,1282.829956
"2008-08-30",1287.829956,1303.040039,1217.22998,1242.310059,20070120000,1242.310059
"2008-09-06",1249.5,1274.420044,1211.540039,1251.699951,34417920000,1251.699951
"2008-09-13",1250.920044,1265.119995,1133.5,1255.079956,46641070000,1255.079956
"2008-09-20",1255.369995,1255.369995,1179.790039,1213.27002,26635470000,1213.27002
"2008-09-27",1209.069946,1209.069946,1098.140015,1099.22998,31026630000,1099.22998
"2008-10-04",1097.560059,1097.560059,839.799988,899.219971,42016790000,899.219971
"2008-10-11",912.75,1044.310059,865.830017,940.549988,36533970000,940.549988
"2008-10-18",943.51001,985.440002,852.849976,876.77002,30185400000,876.77002
"2008-10-25",874.280029,984.380005,845.27002,968.75,32302980000,968.75
"2008-11-01",968.669983,1007.51001,899.72998,930.98999,26484080000,930.98999
"2008-11-08",936.75,951.950012,818.690002,873.289978,29064670000,873.289978
"2008-11-15",873.22998,882.289978,741.02002,800.030029,36745200000,800.030029
"2008-11-22",801.200012,896.25,801.200012,896.23999,23366260000,896.23999
"2008-11-29",888.609985,888.609985,815.690002,876.070007,30469750000,876.070007
"2008-12-06",882.710022,918.570007,851.349976,879.72998,29662270000,879.72998
"2008-12-13",881.070007,918.849976,857.719971,887.880005,29279860000,887.880005
"2008-12-20",887.200012,887.369995,857.090027,872.799988,12348420000,872.799988
"2008-12-27",872.369995,934.72998,857.070007,931.799988,15172440000,931.799988
"2009-01-03",929.169983,943.849976,888.309998,890.349976,25219520000,890.349976
"2009-01-10",890.400024,890.400024,817.039978,850.119995,30293780000,850.119995
"2009-01-17",849.640015,849.640015,804.299988,831.950012,24519050000,831.950012
"2009-01-24",832.5,877.859985,821.669983,825.880005,28010020000,825.880005
"2009-01-31",823.090027,870.75,812.869995,868.599976,31088160000,868.599976
"2009-02-07",868.23999,875.01001,808.059998,826.840027,30044110000,826.840027
"2009-02-14",818.609985,818.609985,754.25,770.049988,25606060000,770.049988
"2009-02-21",773.25,780.119995,734.52002,735.090027,37753880000,735.090027
"2009-02-28",729.570007,729.570007,666.789978,683.380005,37964220000,683.380005
"2009-03-07",680.76001,758.289978,672.880005,756.549988,37297180000,756.549988
"2009-03-14",758.840027,803.23999,749.929993,768.539978,39816380000,768.539978
"2009-03-21",772.309998,832.97998,772.309998,815.940002,34764100000,815.940002
"2009-03-28",809.070007,845.609985,779.809998,842.5,31434350000,842.5
"2009-04-04",839.75,856.909973,814.530029,856.559998,24904750000,856.559998
"2009-04-11",855.330017,875.630005,835.580017,869.599976,34196510000,869.599976
"2009-04-18",868.27002,871.799988,826.830017,866.22998,35415850000,866.22998
"2009-04-25",862.820007,888.700012,847.119995,877.52002,30217790000,877.52002
"2009-05-02",879.210022,930.169983,879.210022,929.22998,39760120000,929.22998
"2009-05-09",922.98999,922.98999,878.940002,882.880005,31688760000,882.880005
"2009-05-16",886.070007,924.599976,879.609985,887,31698640000,887
"2009-05-23",887,920.02002,881.460022,919.140015,23155250000,919.140015
"2009-05-30",923.26001,951.690002,923.26001,940.090027,28312350000,940.090027
"2009-06-06",938.119995,956.22998,926.440002,946.210022,24331760000,946.210022
"2009-06-13",942.450012,942.450012,903.780029,921.22998,25570130000,921.22998
"2009-06-20",918.130005,922,888.859985,918.900024,25599580000,918.900024
"2009-06-27",919.859985,931.919983,896.419983,896.419983,16689730000,896.419983
"2009-07-04",894.27002,898.719971,869.320007,879.130005,23366910000,879.130005
"2009-07-11",879.570007,943.960022,875.320007,940.380005,23927320000,940.380005
"2009-07-18",942.070007,979.789978,940.98999,979.26001,25016500000,979.26001
"2009-07-25",978.630005,996.679993,968.650024,987.47998,26474660000,987.47998
"2009-08-01",990.219971,1018,990.219971,1010.47998,32139730000,1010.47998
"2009-08-08",1008.890015,1013.140015,992.400024,1004.090027,26868820000,1004.090027
"2009-08-15",998.179993,1027.589966,978.51001,1026.130005,23323250000,1026.130005
"2009-08-22",1026.589966,1039.469971,1016.200012,1028.930054,28722910000,1028.930054
"2009-08-29",1025.209961,1028.449951,991.969971,1016.400024,26431300000,1016.400024
"2009-09-05",1018.669983,1048.180054,1018.669983,1042.72998,20551690000,1042.72998
"2009-09-12",1040.150024,1074.77002,1035,1068.300049,30234840000,1068.300049
"2009-09-19",1067.140015,1080.150024,1041.170044,1044.380005,25406510000,1044.380005
"2009-09-26",1045.380005,1069.619995,1019.950012,1025.209961,26050400000,1025.209961
"2009-10-03",1026.869995,1071.51001,1025.920044,1071.48999,22333550000,1071.48999
"2009-10-10",1071.630005,1096.560059,1066.709961,1087.680054,23701850000,1087.680054
"2009-10-17",1088.219971,1101.359985,1074.310059,1079.599976,25592330000,1079.599976
"2009-10-24",1080.359985,1091.75,1033.380005,1036.189941,30408570000,1036.189941
"2009-10-31",1036.180054,1071.47998,1029.380005,1069.300049,26451130000,1069.300049
"2009-11-07",1072.310059,1105.369995,1072.310059,1093.47998,21094360000,1093.47998
"2009-11-14",1094.130005,1113.689941,1086.810059,1091.380005,20612520000,1091.380005
"2009-11-21",1094.859985,1112.380005,1083.73999,1091.48999,1.2928e+10,1091.48999
"2009-11-28",1091.069946,1119.130005,1086.25,1105.97998,22677340000,1105.97998
"2009-12-05",1105.52002,1110.719971,1085.890015,1106.410034,20754380000,1106.410034
"2009-12-12",1107.839966,1116.209961,1093.880005,1102.469971,28364370000,1102.469971
"2009-12-19",1105.310059,1126.47998,1105.310059,1126.47998,12053050000,1126.47998
"2009-12-26",1127.530029,1130.380005,1114.810059,1115.099976,9561710000,1115.099976
"2010-01-02",1116.560059,1145.390015,1116.560059,1144.97998,21115350000,1144.97998
"2010-01-09",1145.959961,1150.410034,1131.390015,1136.030029,21816230000,1136.030029
"2010-01-16",1136.030029,1150.449951,1090.180054,1091.76001,22618330000,1091.76001
"2010-01-23",1092.400024,1103.689941,1071.589966,1073.869995,25397670000,1073.869995
"2010-01-30",1073.890015,1104.72998,1044.5,1066.189941,25411190000,1066.189941
"2010-02-06",1065.51001,1080.040039,1056.51001,1075.51001,22017080000,1075.51001
"2010-02-13",1079.130005,1112.420044,1079.130005,1109.170044,16162900000,1109.170044
"2010-02-20",1110,1112.290039,1086.02002,1104.48999,20970170000,1104.48999
"2010-02-27",1105.359985,1139.380005,1105.359985,1138.699951,20011650000,1138.699951
"2010-03-06",1138.400024,1153.410034,1134.900024,1149.98999,24026590000,1149.98999
"2010-03-13",1148.530029,1169.839966,1141.449951,1159.900024,2.2944e+10,1159.900024
"2010-03-20",1157.25,1180.689941,1152.880005,1166.589966,23756390000,1166.589966
"2010-03-27",1167.709961,1181.430054,1165.77002,1178.099976,16951790000,1178.099976
"2010-04-03",1178.709961,1194.660034,1175.119995,1194.369995,22307770000,1194.369995
"2010-04-10",1194.939941,1213.920044,1186.77002,1192.130005,29874510000,1192.130005
"2010-04-17",1192.060059,1217.280029,1183.680054,1217.280029,29000480000,1217.280029
"2010-04-24",1217.069946,1219.800049,1181.619995,1186.689941,31552280000,1186.689941
"2010-05-01",1188.579956,1205.130005,1065.790039,1110.880005,38419430000,1110.880005
"2010-05-08",1122.27002,1173.569946,1122.27002,1135.680054,28958750000,1135.680054
"2010-05-15",1136.52002,1148.660034,1055.900024,1087.689941,32640260000,1087.689941
"2010-05-22",1084.780029,1103.52002,1040.780029,1089.410034,27644340000,1089.410034
"2010-05-29",1087.300049,1105.670044,1060.5,1064.880005,21474390000,1064.880005
"2010-06-05",1065.839966,1092.25,1042.170044,1091.599976,26847570000,1091.599976
"2010-06-12",1095,1121.01001,1089.030029,1117.51001,23186040000,1117.51001
"2010-06-19",1122.790039,1131.22998,1067.890015,1076.76001,23498560000,1076.76001
"2010-06-26",1077.5,1082.599976,1010.909973,1022.580017,25504460000,1022.580017
"2010-07-03",1028.089966,1078.160034,1018.349976,1077.959961,17677490000,1077.959961
"2010-07-10",1077.22998,1099.459961,1063.319946,1064.880005,22438320000,1064.880005
"2010-07-17",1066.849976,1103.72998,1056.880005,1102.660034,22901430000,1102.660034
"2010-07-24",1102.890015,1120.949951,1088.01001,1101.599976,21356600000,1101.599976
"2010-07-31",1107.530029,1128.75,1107.170044,1121.640015,19817300000,1121.640015
"2010-08-07",1122.800049,1129.23999,1076.689941,1079.25,20320520000,1079.25
"2010-08-14",1077.48999,1100.140015,1063.910034,1071.689941,18887030000,1071.689941
"2010-08-21",1073.359985,1081.579956,1039.699951,1064.589966,19756640000,1064.589966
"2010-08-28",1062.900024,1105.099976,1040.880005,1104.51001,18592350000,1104.51001
"2010-09-04",1102.599976,1110.880005,1091.150024,1109.550049,12780950000,1109.550049
"2010-09-11",1113.380005,1131.469971,1113.380005,1125.589966,19862160000,1125.589966
"2010-09-18",1126.569946,1148.900024,1122.790039,1148.670044,19422610000,1148.670044
"2010-09-25",1148.640015,1157.160034,1132.089966,1146.23999,20187050000,1146.23999
"2010-10-02",1144.959961,1167.72998,1131.869995,1165.150024,19528080000,1165.150024
"2010-10-09",1165.319946,1184.380005,1155.709961,1176.189941,22245800000,1176.189941
"2010-10-16",1176.829956,1189.430054,1159.709961,1183.079956,22881410000,1183.079956
"2010-10-23",1184.73999,1196.140015,1171.699951,1183.26001,20582070000,1183.26001
"2010-10-30",1185.709961,1227.079956,1177.650024,1225.849976,23993790000,1225.849976
"2010-11-06",1223.23999,1226.839966,1194.079956,1199.209961,21491310000,1199.209961
"2010-11-13",1200.439941,1207.430054,1173,1199.72998,20887180000,1199.72998
"2010-11-20",1198.069946,1198.939941,1176.910034,1189.400024,12820640000,1189.400024
"2010-11-27",1189.079956,1225.569946,1173.640015,1224.709961,21212840000,1224.709961
"2010-12-04",1223.869995,1240.400024,1219.5,1240.400024,24175410000,1240.400024
"2010-12-11",1242.52002,1246.72998,1232.849976,1243.910034,22270220000,1243.910034
"2010-12-18",1245.76001,1259.390015,1241.51001,1256.77002,10828420000,1256.77002
"2010-12-25",1254.660034,1262.599976,1251.47998,1257.640015,10455790000,1257.640015
"2011-01-01",1257.619995,1278.170044,1257.619995,1271.5,23655220000,1271.5
"2011-01-08",1270.839966,1293.23999,1262.180054,1293.23999,21286570000,1293.23999
"2011-01-15",1293.219971,1296.060059,1271.26001,1283.349976,19899340000,1283.349976
"2011-01-22",1283.290039,1302.670044,1275.099976,1276.339966,23156650000,1276.339966
"2011-01-29",1276.5,1311,1276.5,1310.869995,21726860000,1310.869995
"2011-02-05",1311.849976,1330.790039,1311.73999,1329.150024,20109950000,1329.150024
"2011-02-12",1328.72998,1344.069946,1324.609985,1343.01001,12589110000,1343.01001
"2011-02-19",1338.910034,1338.910034,1294.26001,1319.880005,7712050000,1319.880005
"2011-02-26",1321.609985,1332.280029,1302.579956,1321.150024,12022480000,1321.150024
"2011-03-05",1322.719971,1327.680054,1291.98999,1304.280029,20669090000,1304.280029
"2011-03-12",1301.189941,1301.189941,1249.050049,1279.209961,23905220000,1279.209961
"2011-03-19",1281.650024,1319.180054,1281.650024,1313.800049,20090110000,1313.800049
"2011-03-26",1315.449951,1337.849976,1305.26001,1332.410034,18297330000,1332.410034
"2011-04-02",1333.560059,1339.459961,1322.939941,1328.170044,19888170000,1328.170044
"2011-04-09",1329.01001,1333.77002,1302.420044,1319.680054,19701690000,1319.680054
"2011-04-16",1313.349976,1337.48999,1294.699951,1337.380005,15933560000,1337.380005
"2011-04-23",1337.140015,1364.560059,1331.469971,1363.609985,17617650000,1363.609985
"2011-04-30",1365.209961,1370.579956,1329.170044,1340.199951,20363720000,1340.199951
"2011-05-07",1340.199951,1359.439941,1332.030029,1337.77002,19539110000,1337.77002
"2011-05-14",1334.77002,1346.819946,1318.51001,1333.27002,19514380000,1333.27002
"2011-05-21",1333.069946,1334.619995,1311.800049,1331.099976,17595530000,1331.099976
"2011-05-28",1331.099976,1345.199951,1297.900024,1300.160034,16204530000,1300.160034
"2011-06-04",1300.26001,1300.26001,1268.280029,1270.97998,18551800000,1270.97998
"2011-06-11",1271.310059,1292.5,1258.069946,1271.5,20466010000,1271.5
"2011-06-18",1271.5,1298.609985,1262.869995,1268.449951,19888020000,1268.449951
"2011-06-25",1268.439941,1341.01001,1267.530029,1339.670044,19505540000,1339.670044
"2011-07-02",1339.589966,1356.47998,1330.920044,1343.800049,14950400000,1343.800049
"2011-07-09",1343.310059,1343.310059,1306.51001,1316.140015,20768430000,1316.140015
"2011-07-16",1315.939941,1347,1295.920044,1345.02002,20550440000,1345.02002
"2011-07-23",1344.319946,1344.319946,1282.859985,1292.280029,21035970000,1292.280029
"2011-07-30",1292.589966,1307.380005,1168.089966,1199.380005,26341740000,1199.380005
"2011-08-06",1198.47998,1198.47998,1101.540039,1178.810059,19325310000,1178.810059
"2011-08-13",1178.859985,1208.469971,1122.050049,1123.530029,22135160000,1123.530029
"2011-08-20",1123.550049,1190.680054,1121.089966,1176.800049,26548480000,1176.800049
"2011-08-27",1177.910034,1230.709961,1170.560059,1173.969971,23250630000,1173.969971
"2011-09-03",1173.969971,1204.400024,1140.130005,1154.22998,18596560000,1154.22998
"2011-09-10",1153.5,1220.060059,1136.069946,1216.01001,24565280000,1216.01001
"2011-09-17",1214.98999,1220.390015,1114.219971,1136.430054,25641420000,1136.430054
"2011-09-24",1136.910034,1195.859985,1131.069946,1131.420044,24801410000,1131.420044
"2011-10-01",1131.209961,1171.400024,1074.77002,1155.459961,22574340000,1155.459961
"2011-10-08",1158.150024,1224.609985,1158.150024,1224.579956,22779620000,1224.579956
"2011-10-15",1224.469971,1239.030029,1191.47998,1238.25,23838320000,1238.25
"2011-10-22",1238.719971,1292.660034,1221.060059,1285.089966,24561180000,1285.089966
"2011-10-29",1284.959961,1284.959961,1215.420044,1253.22998,22746070000,1253.22998
"2011-11-05",1253.209961,1277.550049,1226.640015,1263.849976,19370910000,1263.849976
"2011-11-12",1263.849976,1264.25,1209.430054,1215.650024,19328050000,1215.650024
"2011-11-19",1215.619995,1215.619995,1158.660034,1158.670044,13424920000,1158.670044
"2011-11-26",1158.670044,1260.079956,1158.670044,1244.280029,21678300000,1244.280029
"2011-12-03",1244.329956,1267.060059,1231.469971,1255.189941,20171810000,1255.189941
"2011-12-10",1255.050049,1255.050049,1209.469971,1219.660034,21176570000,1219.660034
"2011-12-17",1219.73999,1265.420044,1202.369995,1265.329956,16400510000,1265.329956
"2011-12-24",1265.02002,1269.369995,1248.640015,1257.599976,9030550000,1257.599976
"2011-12-31",1258.859985,1284.619995,1258.859985,1277.810059,15509070000,1277.810059
"2012-01-07",1277.829956,1296.819946,1274.550049,1289.089966,19273940000,1289.089966
"2012-01-14",1290.219971,1315.48999,1290.219971,1315.380005,16485160000,1315.380005
"2012-01-21",1315.290039,1333.469971,1306.060059,1316.329956,20404830000,1316.329956
"2012-01-28",1316.160034,1345.339966,1300.48999,1344.900024,21128390000,1344.900024
"2012-02-04",1344.319946,1354.319946,1335.920044,1342.640015,19306360000,1342.640015
"2012-02-11",1343.060059,1363.400024,1340.800049,1361.22998,19414420000,1361.22998
"2012-02-18",1361.219971,1368.920044,1352.280029,1365.73999,14720720000,1365.73999
"2012-02-25",1365.199951,1378.040039,1354.920044,1369.630005,18913110000,1369.630005
"2012-03-03",1369.589966,1374.76001,1340.030029,1370.869995,18383450000,1370.869995
"2012-03-10",1370.780029,1405.880005,1366.689941,1404.170044,21406220000,1404.170044
"2012-03-17",1404.170044,1414,1386.869995,1397.109985,18414980000,1397.109985
"2012-03-24",1397.109985,1419.150024,1391.560059,1408.469971,18492280000,1408.469971
"2012-03-31",1408.469971,1422.380005,1392.920044,1398.079956,14636130000,1398.079956
"2012-04-07",1397.449951,1397.449951,1357.380005,1370.26001,19093190000,1370.26001
"2012-04-14",1370.27002,1392.76001,1365.380005,1378.530029,18507460000,1378.530029
"2012-04-21",1378.530029,1406.640015,1358.790039,1403.359985,18950920000,1403.359985
"2012-04-28",1403.26001,1415.319946,1367.959961,1369.099976,19165870000,1369.099976
"2012-05-05",1368.790039,1373.910034,1343.130005,1353.390015,19706660000,1353.390015
"2012-05-12",1351.930054,1351.930054,1291.97998,1295.219971,21259330000,1295.219971
"2012-05-19",1295.72998,1328.48999,1295.72998,1317.819946,18829090000,1317.819946
"2012-05-26",1318.900024,1334.930054,1277.25,1278.040039,16202900000,1278.040039
"2012-06-02",1278.290039,1329.050049,1266.73999,1325.660034,19438880000,1325.660034
"2012-06-09",1325.719971,1343.319946,1306.619995,1342.839966,18576250000,1342.839966
"2012-06-16",1342.420044,1363.459961,1324.410034,1335.02002,20136440000,1335.02002
"2012-06-23",1334.900024,1362.170044,1309.27002,1362.160034,18761520000,1362.160034
"2012-06-30",1362.329956,1374.810059,1348.030029,1354.680054,11204700000,1354.680054
"2012-07-07",1354.660034,1361.540039,1325.410034,1356.780029,16669120000,1356.780029
"2012-07-14",1356.5,1380.390015,1345.069946,1362.660034,18040410000,1362.660034
"2012-07-21",1362.339966,1389.189941,1329.23999,1385.969971,20155950000,1385.969971
"2012-07-28",1385.939941,1394.160034,1354.650024,1390.98999,19419460000,1390.98999
"2012-08-04",1391.040039,1407.140015,1391.040039,1405.869995,15913920000,1405.869995
"2012-08-11",1405.869995,1418.709961,1397.319946,1418.160034,14123730000,1418.160034
"2012-08-18",1417.849976,1426.680054,1398.040039,1411.130005,14718990000,1411.130005
"2012-08-25",1411.130005,1416.170044,1397.01001,1406.579956,13141340000,1406.579956
"2012-09-01",1406.540039,1437.920044,1396.560059,1437.920044,14259910000,1437.920044
"2012-09-08",1437.920044,1474.51001,1428.97998,1465.77002,20023040000,1465.77002
"2012-09-15",1465.420044,1467.069946,1449.97998,1460.150024,18527570000,1460.150024
"2012-09-22",1459.76001,1463.23999,1430.530029,1440.670044,16973760000,1440.670044
"2012-09-29",1440.900024,1470.959961,1439.01001,1460.930054,17147310000,1460.930054
"2012-10-06",1460.930054,1460.930054,1425.530029,1428.589966,15577390000,1428.589966
"2012-10-13",1428.75,1464.02002,1427.23999,1433.189941,18463100000,1433.189941
"2012-10-20",1433.209961,1435.459961,1403.280029,1411.939941,16987410000,1411.939941
"2012-10-27",1410.98999,1434.27002,1405.949951,1414.199951,11239480000,1414.199951
"2012-11-03",1414.02002,1433.380005,1373.030029,1379.849976,18011370000,1379.849976
"2012-11-10",1379.859985,1388.810059,1343.349976,1359.880005,18107380000,1359.880005
"2012-11-17",1359.880005,1409.160034,1359.880005,1409.150024,10754010000,1409.150024
"2012-11-24",1409.150024,1419.699951,1385.430054,1416.180054,16954180000,1416.180054
"2012-12-01",1416.339966,1423.72998,1398.22998,1418.069946,16930770000,1418.069946
"2012-12-08",1418.069946,1438.589966,1411.880005,1413.579956,16918840000,1413.579956
"2012-12-15",1413.540039,1448,1413.540039,1430.150024,20543390000,1430.150024
"2012-12-22",1430.150024,1430.150024,1401.579956,1402.430054,8790850000,1402.430054
"2012-12-29",1402.430054,1467.939941,1398.109985,1466.469971,14660950000,1466.469971
"2013-01-05",1466.469971,1472.75,1451.640015,1472.050049,18003450000,1472.050049
"2013-01-12",1472.050049,1485.97998,1463.76001,1485.97998,17024890000,1485.97998
"2013-01-19",1485.97998,1503.26001,1481.160034,1502.959961,14298680000,1502.959961
"2013-01-26",1502.959961,1514.410034,1496.329956,1513.170044,18901190000,1513.170044
"2013-02-02",1513.170044,1518.310059,1495.02002,1517.930054,17220660000,1517.930054
"2013-02-09",1517.930054,1524.689941,1513.609985,1519.790039,17082600000,1519.790039
"2013-02-16",1519.790039,1530.939941,1497.290039,1515.599976,15683400000,1515.599976
"2013-02-23",1515.599976,1525.839966,1485.01001,1518.199951,19146110000,1518.199951
"2013-03-02",1518.199951,1552.47998,1512.290039,1551.180054,17988980000,1551.180054
"2013-03-09",1551.150024,1563.619995,1547.359985,1560.699951,18074930000,1560.699951
"2013-03-16",1560.699951,1561.560059,1538.569946,1556.890015,16501510000,1556.890015
"2013-03-23",1556.890015,1570.280029,1546.219971,1569.189941,12266080000,1569.189941
"2013-03-30",1569.180054,1573.660034,1539.5,1553.280029,16991960000,1553.280029
"2013-04-06",1553.26001,1597.349976,1548.630005,1588.849976,16193490000,1588.849976
"2013-04-13",1588.839966,1588.839966,1536.030029,1555.25,20025810000,1555.25
"2013-04-20",1555.25,1592.640015,1548.189941,1582.23999,17250470000,1582.23999
"2013-04-27",1582.339966,1618.459961,1581.280029,1614.420044,17137450000,1614.420044
"2013-05-04",1614.400024,1635.01001,1614.209961,1633.699951,16470390000,1633.699951
"2013-05-11",1632.099976,1667.469971,1626.73999,1667.469971,16979670000,1667.469971
"2013-05-18",1665.709961,1687.180054,1635.530029,1649.599976,17853250000,1649.599976
"2013-05-25",1652.630005,1674.209961,1630.73999,1630.73999,14642760000,1630.73999
"2013-06-01",1631.709961,1646.530029,1598.22998,1643.380005,18157630000,1643.380005
"2013-06-08",1644.670044,1648.689941,1608.069946,1626.72998,15935010000,1626.72998
"2013-06-15",1630.640015,1654.189941,1577.699951,1592.430054,20459250000,1592.430054
"2013-06-22",1588.77002,1620.069946,1560.329956,1606.280029,20394900000,1606.280029
"2013-06-29",1609.780029,1632.069946,1604.569946,1631.890015,11022010000,1631.890015
"2013-07-06",1634.199951,1680.189941,1634.199951,1680.189941,16166370000,1680.189941
"2013-07-13",1679.589966,1693.119995,1671.839966,1692.089966,15613300000,1692.089966
"2013-07-20",1694.410034,1698.780029,1676.030029,1691.650024,15296700000,1691.650024
"2013-07-27",1690.319946,1709.670044,1681.859985,1709.670044,16920240000,1709.670044
"2013-08-03",1708.01001,1709.23999,1684.910034,1691.420044,14910070000,1691.420044
"2013-08-10",1688.369995,1696.810059,1652.609985,1655.829956,15334290000,1655.829956
"2013-08-17",1655.25,1664.849976,1639.430054,1663.5,13950930000,1663.5
"2013-08-24",1664.290039,1669.51001,1627.469971,1632.969971,13695720000,1632.969971
"2013-08-31",1635.949951,1664.829956,1633.410034,1655.170044,13124750000,1655.170044
"2013-09-07",1656.849976,1689.969971,1656.849976,1687.98999,15772830000,1687.98999
"2013-09-14",1691.699951,1729.859985,1691.699951,1709.910034,18657960000,1709.910034
"2013-09-21",1711.439941,1711.439941,1687.109985,1691.75,15310240000,1691.75
"2013-09-28",1687.26001,1696.550049,1670.359985,1690.5,15855840000,1690.5
"2013-10-05",1687.150024,1703.439941,1646.469971,1703.199951,16132530000,1703.199951
"2013-10-12",1699.859985,1745.310059,1692.130005,1744.5,16512980000,1744.5
"2013-10-19",1745.199951,1759.819946,1740.5,1759.77002,17464350000,1759.77002
"2013-10-26",1759.420044,1775.219971,1752.699951,1761.640015,17676620000,1761.640015
"2013-11-02",1763.400024,1774.540039,1746.199951,1770.609985,18014020000,1770.609985
"2013-11-09",1769.959961,1798.219971,1760.640015,1798.180054,15476450000,1798.180054
"2013-11-16",1798.819946,1804.839966,1777.22998,1804.76001,15813880000,1804.76001
"2013-11-23",1806.329956,1813.550049,1800.579956,1805.810059,10637550000,1805.810059
"2013-11-30",1806.550049,1810.02002,1779.089966,1805.089966,16668560000,1805.089966
"2013-12-07",1806.209961,1811.52002,1772.280029,1775.319946,16086600000,1775.319946
"2013-12-14",1777.47998,1823.75,1767.98999,1818.319946,19402600000,1818.319946
"2013-12-21",1822.920044,1844.890015,1822.920044,1841.400024,8194360000,1841.400024
"2013-12-28",1841.469971,1849.439941,1827.73999,1831.369995,10461570000,1831.369995
"2014-01-04",1832.310059,1843.22998,1823.72998,1842.369995,17375600000,1842.369995
"2014-01-11",1841.26001,1850.839966,1815.52002,1838.699951,17839850000,1838.699951
"2014-01-18",1841.050049,1849.310059,1790.290039,1790.290039,15747340000,1790.290039
"2014-01-25",1791.030029,1798.77002,1770.449951,1782.589966,19054250000,1782.589966
"2014-02-01",1782.680054,1798.030029,1737.920044,1797.02002,20380140000,1797.02002
"2014-02-08",1796.199951,1841.650024,1791.829956,1838.630005,16742180000,1838.630005
"2014-02-15",1839.030029,1847.5,1824.579956,1836.25,13891540000,1836.25
"2014-02-22",1836.780029,1867.920044,1836.780029,1859.449951,18711730000,1859.449951
"2014-03-01",1857.680054,1883.569946,1834.439941,1878.040039,17512170000,1878.040039
"2014-03-08",1877.859985,1882.349976,1839.569946,1841.130005,16641060000,1841.130005
"2014-03-15",1842.810059,1883.969971,1842.810059,1866.52002,17678140000,1866.52002
"2014-03-22",1867.670044,1875.920044,1842.109985,1857.619995,16779360000,1857.619995
"2014-03-29",1859.160034,1897.280029,1859.160034,1865.089966,16381500000,1865.089966
"2014-04-05",1863.920044,1872.530029,1814.359985,1815.689941,18333880000,1815.689941
"2014-04-12",1818.180054,1869.630005,1815.800049,1864.849976,13344490000,1864.849976
"2014-04-19",1865.790039,1884.890015,1859.699951,1863.400024,15348510000,1863.400024
"2014-04-26",1865,1891.329956,1850.609985,1881.140015,18038030000,1881.140015
"2014-05-03",1879.449951,1889.069946,1859.790039,1878.47998,16112380000,1878.47998
"2014-05-10",1880.030029,1902.170044,1862.359985,1877.859985,15469770000,1877.859985
"2014-05-17",1876.660034,1901.26001,1868.140015,1900.530029,13605170000,1900.530029
"2014-05-24",1902.01001,1924.030029,1902.01001,1923.569946,11860010000,1923.569946
"2014-05-31",1923.869995,1949.439941,1915.97998,1949.439941,14147690000,1949.439941
"2014-06-07",1948.969971,1955.550049,1925.780029,1936.160034,13863870000,1936.160034
"2014-06-14",1934.839966,1963.910034,1930.910034,1962.869995,1.6251e+10,1962.869995
"2014-06-21",1962.920044,1968.170044,1944.689941,1960.959961,15983470000,1960.959961
"2014-06-28",1960.790039,1985.589966,1958.219971,1985.439941,11075160000,1985.439941
"2014-07-05",1984.219971,1984.219971,1952.859985,1967.569946,14692810000,1967.569946
"2014-07-12",1969.859985,1983.939941,1955.589966,1978.219971,15952350000,1978.219971
"2014-07-19",1976.930054,1991.390015,1965.77002,1978.339966,14213850000,1978.339966
"2014-07-26",1978.25,1984.849976,1916.369995,1925.150024,17417530000,1925.150024
"2014-08-02",1926.619995,1942.920044,1904.780029,1931.589966,16207390000,1931.589966
"2014-08-09",1933.430054,1964.040039,1928.290039,1955.060059,13747450000,1955.060059
"2014-08-16",1958.359985,1994.76001,1958.359985,1988.400024,12814930000,1988.400024
"2014-08-23",1991.73999,2005.040039,1990.52002,2003.369995,11571710000,2003.369995
"2014-08-30",2004.069946,2011.170044,1990.099976,2007.709961,11520670000,2007.709961
"2014-09-06",2007.170044,2007.170044,1980.26001,1985.540039,14732610000,1985.540039
"2014-09-13",1986.040039,2019.26001,1978.47998,2010.400024,17261820000,2010.400024
"2014-09-20",2009.079956,2009.079956,1965.98999,1982.849976,16145360000,1982.849976
"2014-09-27",1978.959961,1985.170044,1926.030029,1967.900024,18807610000,1967.900024
"2014-10-04",1970.01001,1977.839966,1906.050049,1906.130005,20382540000,1906.130005
"2014-10-11",1905.650024,1912.089966,1820.660034,1886.76001,24810660000,1886.76001
"2014-10-18",1885.619995,1965.27002,1882.300049,1964.579956,17947860000,1964.579956
"2014-10-25",1962.969971,2018.189941,1951.369995,2018.050049,18810910000,2018.050049
"2014-11-01",2018.209961,2034.26001,2001.01001,2031.920044,18652340000,2031.920044
"2014-11-08",2032.01001,2046.180054,2030.170044,2039.819946,16172310000,2039.819946
"2014-11-15",2038.290039,2071.459961,2034.459961,2063.5,17004640000,2063.5
"2014-11-22",2065.070068,2075.76001,2064.75,2067.560059,11770900000,2067.560059
"2014-11-29",2065.780029,2079.469971,2049.570068,2075.370117,18286300000,2075.370117
"2014-12-06",2074.840088,2075.780029,2002.329956,2002.329956,19961180000,2002.329956
"2014-12-13",2005.030029,2077.850098,1972.560059,2070.649902,25431950000,2070.649902
"2014-12-20",2069.280029,2092.699951,2069.280029,2088.77002,9565680000,2088.77002
"2014-12-27",2087.629883,2093.550049,2046.040039,2058.199951,10207410000,2058.199951
"2015-01-03",2054.439941,2064.429932,1992.439941,2044.810059,19362860000,2044.810059
"2015-01-10",2046.130005,2056.929932,1988.119995,2019.420044,20275570000,2019.420044
"2015-01-17",2020.76001,2064.620117,2004.48999,2051.820068,15424020000,2051.820068
"2015-01-24",2050.419922,2057.620117,1989.180054,1994.98999,19558890000,1994.98999
"2015-01-31",1996.670044,2072.399902,1980.900024,2055.469971,20821110000,2055.469971
"2015-02-07",2053.469971,2097.030029,2041.880005,2096.98999,18132050000,2096.98999
"2015-02-14",2096.469971,2110.610107,2085.439941,2110.300049,13260470000,2110.300049
"2015-02-21",2109.830078,2119.590088,2103,2104.5,16561930000,2104.5
"2015-02-28",2105.22998,2117.52002,2067.27002,2071.26001,17049500000,2071.26001
"2015-03-07",2072.25,2083.48999,2039.689941,2053.399902,17328980000,2053.399902
"2015-03-14",2055.350098,2113.919922,2055.350098,2108.100098,19504990000,2108.100098
"2015-03-21",2107.98999,2114.860107,2045.5,2061.02002,16498140000,2061.02002
"2015-03-28",2064.110107,2088.969971,2048.379883,2066.959961,12933470000,2066.959961
"2015-04-04",2064.870117,2102.610107,2056.52002,2102.060059,15962370000,2102.060059
"2015-04-11",2102.030029,2111.909912,2072.370117,2081.179932,17285170000,2081.179932
"2015-04-18",2084.110107,2120.919922,2084.110107,2117.689941,16604500000,2117.689941
"2015-04-25",2119.290039,2125.919922,2077.590088,2108.290039,18949060000,2108.290039
"2015-05-02",2110.22998,2120.949951,2067.929932,2116.100098,17753820000,2116.100098
"2015-05-09",2115.560059,2123.889893,2085.570068,2122.72998,15824270000,2122.72998
"2015-05-16",2121.300049,2134.719971,2120.01001,2126.060059,14852420000,2126.060059
"2015-05-23",2125.340088,2126.219971,2099.179932,2107.389893,13377830000,2107.389893
"2015-05-30",2108.639893,2121.919922,2085.669922,2092.830078,15604780000,2092.830078
"2015-06-06",2092.340088,2115.02002,2072.139893,2094.110107,15214050000,2094.110107
"2015-06-13",2091.340088,2126.649902,2072.48999,2109.98999,17173880000,2109.98999
"2015-06-20",2112.5,2129.870117,2095.379883,2101.48999,17463770000,2101.48999
"2015-06-27",2098.629883,2098.629883,2056.320068,2076.780029,14481300000,2076.780029
"2015-07-04",2073.949951,2083.73999,2044.02002,2076.620117,18065680000,2076.620117
"2015-07-11",2080.030029,2128.909912,2080.030029,2126.639893,15950490000,2126.639893
"2015-07-18",2126.850098,2132.820068,2077.090088,2079.649902,17926480000,2079.649902
"2015-07-25",2078.189941,2114.23999,2063.52002,2103.840088,19254140000,2103.840088
"2015-08-01",2104.48999,2112.659912,2067.909912,2077.570068,18841050000,2077.570068
"2015-08-08",2080.97998,2105.350098,2052.090088,2091.540039,17509360000,2091.540039
"2015-08-15",2089.699951,2103.469971,1970.890015,1970.890015,18271310000,1970.890015
"2015-08-22",1965.150024,1993.47998,1867.01001,1988.869995,26089970000,1988.869995
"2015-08-29",1986.72998,1986.72998,1903.069946,1921.219971,18717360000,1921.219971
"2015-09-05",1927.300049,1988.630005,1927.300049,1961.050049,14045680000,1961.050049
"2015-09-12",1963.060059,2020.859985,1948.27002,1958.030029,20075770000,1958.030029
"2015-09-19",1960.839966,1979.640015,1908.920044,1931.339966,18081540000,1931.339966
"2015-09-26",1929.180054,1951.359985,1871.910034,1951.359985,21346290000,1951.359985
"2015-10-03",1954.329956,2020.130005,1954.329956,2014.890015,20849400000,2014.890015
"2015-10-10",2015.650024,2033.540039,1990.72998,2033.109985,17281480000,2033.109985
"2015-10-17",2031.72998,2079.73999,2017.219971,2075.149902,18785920000,2075.149902
"2015-10-24",2075.080078,2094.320068,2058.840088,2079.360107,20565930000,2079.360107
"2015-10-31",2080.76001,2116.47998,2080.76001,2099.199951,20531860000,2099.199951
"2015-11-07",2096.560059,2096.560059,2022.02002,2023.040039,19691320000,2023.040039
"2015-11-14",2022.079956,2097.060059,2019.390015,2089.169922,19652690000,2089.169922
"2015-11-21",2089.409912,2095.610107,2070.290039,2090.110107,11792690000,2090.110107
"2015-11-28",2090.949951,2104.27002,2042.349976,2091.689941,20459190000,2091.689941
"2015-12-05",2090.419922,2090.419922,2008.800049,2012.369995,20618850000,2012.369995
"2015-12-12",2013.369995,2076.719971,1993.26001,2005.550049,24611890000,2005.550049
"2015-12-19",2010.27002,2067.360107,2005.930054,2060.98999,12177090000,2060.98999
"2015-12-26",2057.77002,2081.560059,2043.619995,2043.939941,10057270000,2043.939941
"2016-01-02",2038.199951,2038.199951,1918.459961,1922.030029,22089690000,1922.030029
"2016-01-09",1926.119995,1950.329956,1857.829956,1880.329956,25291150000,1880.329956
"2016-01-16",1888.660034,1908.849976,1812.290039,1906.900024,21324990000,1906.900024
"2016-01-23",1906.280029,1940.23999,1872.699951,1940.23999,23703940000,1940.23999
"2016-01-30",1936.939941,1947.199951,1872.22998,1880.050049,24081930000,1880.050049
"2016-02-06",1873.25,1881.599976,1810.099976,1864.780029,25488570000,1864.780029
"2016-02-13",1871.439941,1930.680054,1871.439941,1917.780029,18161550000,1917.780029
"2016-02-20",1924.439941,1962.959961,1891,1948.050049,20729330000,1948.050049
"2016-02-27",1947.130005,2009.130005,1931.810059,1999.98999,25206170000,1999.98999
"2016-03-05",1996.109985,2022.369995,1969.25,2022.189941,22103360000,2022.189941
"2016-03-12",2019.27002,2052.360107,2005.22998,2049.580078,22138770000,2049.580078
"2016-03-19",2047.880005,2056.600098,2022.48999,2035.939941,13842290000,2035.939941
"2016-03-26",2037.890015,2075.070068,2028.310059,2072.780029,1.7687e+10,2072.780029
"2016-04-02",2073.189941,2074.02002,2033.800049,2047.599976,18552210000,2047.599976
"2016-04-09",2050.22998,2087.840088,2039.73999,2080.72998,19466730000,2080.72998
"2016-04-16",2078.830078,2111.050049,2073.649902,2091.580078,19364460000,2091.580078
"2016-04-23",2089.370117,2099.889893,2052.280029,2065.300049,19991600000,2065.300049
"2016-04-30",2067.169922,2083.419922,2039.449951,2057.139893,19877940000,2057.139893
"2016-05-07",2057.550049,2084.870117,2043.130005,2046.609985,18573070000,2046.609985
"2016-05-14",2046.530029,2071.879883,2025.910034,2052.320068,19066060000,2052.320068
"2016-05-21",2052.22998,2099.060059,2047.26001,2099.060059,16852120000,2099.060059
"2016-05-28",2100.129883,2105.26001,2085.100098,2099.129883,15300080000,2099.129883
"2016-06-04",2100.830078,2120.550049,2089.959961,2096.070068,17344140000,2096.070068
"2016-06-11",2091.75,2098.120117,2050.370117,2071.219971,19277430000,2071.219971
"2016-06-18",2075.580078,2113.320068,2032.569946,2037.410034,20763870000,2037.410034
"2016-06-25",2031.449951,2108.709961,1991.680054,2102.949951,22140480000,2102.949951
"2016-07-02",2095.050049,2131.709961,2074.02002,2129.899902,14779810000,2129.899902
"2016-07-09",2131.719971,2169.050049,2131.719971,2161.73999,17441690000,2161.73999
"2016-07-16",2162.040039,2175.629883,2159.01001,2175.030029,15651690000,2175.030029
"2016-07-23",2173.709961,2177.090088,2159.070068,2173.600098,18198170000,2173.600098
"2016-07-30",2173.149902,2182.870117,2147.580078,2182.870117,18513540000,2182.870117
"2016-08-06",2183.76001,2188.449951,2172,2184.050049,16340620000,2184.050049
"2016-08-13",2186.080078,2193.810059,2168.5,2183.870117,16049210000,2183.870117
"2016-08-20",2181.580078,2193.419922,2160.389893,2169.040039,15278970000,2169.040039
"2016-08-27",2170.189941,2184.870117,2157.090088,2179.97998,15911210000,2179.97998
"2016-09-03",2181.610107,2187.870117,2127.810059,2127.810059,14728870000,2127.810059
"2016-09-10",2120.860107,2163.300049,2119.120117,2139.159912,20204330000,2139.159912
"2016-09-17",2143.98999,2179.98999,2135.909912,2164.689941,16885840000,2164.689941
"2016-09-24",2158.540039,2175.300049,2141.550049,2168.27002,18967960000,2168.27002
"2016-10-01",2164.330078,2165.860107,2144.01001,2153.73999,17876430000,2153.73999
"2016-10-08",2160.389893,2169.600098,2114.719971,2132.97998,16140520000,2132.97998
"2016-10-15",2132.949951,2148.439941,2124.429932,2141.159912,16149080000,2141.159912
"2016-10-22",2148.5,2154.790039,2119.360107,2126.409912,19108200000,2126.409912
"2016-10-29",2129.780029,2133.25,2083.790039,2085.179932,20427740000,2085.179932
"2016-11-05",2100.590088,2182.300049,2100.590088,2164.449951,25356830000,2164.449951
"2016-11-12",2165.639893,2189.889893,2156.080078,2181.899902,21123210000,2181.899902
"2016-11-19",2186.429932,2213.350098,2186.429932,2213.350098,12568190000,2213.350098
"2016-11-26",2210.209961,2214.100098,2187.439941,2191.949951,21589430000,2191.949951
"2016-12-03",2200.649902,2259.800049,2199.969971,2259.530029,20337430000,2259.530029
"2016-12-10",2258.830078,2277.530029,2248.439941,2258.070068,22387610000,2258.070068
"2016-12-17",2259.23999,2272.560059,2256.080078,2263.790039,14296250000,2263.790039
"2016-12-24",2266.22998,2273.820068,2233.620117,2238.830078,9386710000,2238.830078
"2016-12-31",2251.570068,2282.100098,2245.129883,2276.97998,14637130000,2276.97998
"2017-01-07",2273.590088,2279.27002,2254.25,2274.639893,17020210000,2274.639893
"2017-01-14",2269.139893,2276.959961,2258.409912,2271.310059,13591180000,2271.310059
"2017-01-21",2267.780029,2300.98999,2257.02002,2294.689941,17555940000,2294.689941
"2017-01-28",2286.01001,2298.310059,2267.209961,2297.419922,19001010000,2297.419922
"2017-02-04",2294.280029,2319.22998,2285.379883,2316.100098,17320440000,2316.100098
"2017-02-11",2321.719971,2351.310059,2321.419922,2351.159912,17831660000,2351.159912
"2017-02-18",2354.909912,2368.26001,2352.870117,2367.340088,14895280000,2367.340088
"2017-02-25",2365.22998,2400.97998,2358.959961,2383.120117,19514510000,2383.120117
"2017-03-04",2375.22998,2378.800049,2354.540039,2372.600098,17712480000,2372.600098
"2017-03-11",2371.560059,2390.01001,2358.179932,2378.25,18757070000,2378.25
"2017-03-18",2378.23999,2381.929932,2335.73999,2343.97998,17128980000,2343.97998
"2017-03-25",2329.110107,2370.419922,2322.25,2362.719971,16227480000,2362.719971
"2017-04-01",2362.340088,2378.360107,2344.72998,2355.540039,16648230000,2355.540039
"2017-04-08",2357.159912,2366.370117,2328.949951,2328.949951,12243670000,2328.949951
"2017-04-15",2332.620117,2361.370117,2332.51001,2348.689941,16765230000,2348.689941
"2017-04-22",2370.330078,2398.159912,2369.189941,2384.199951,19608540000,2384.199951
"2017-04-29",2388.5,2399.290039,2379.75,2399.290039,18809590000,2399.290039
"2017-05-06",2399.939941,2403.870117,2381.73999,2390.899902,17759610000,2390.899902
"2017-05-13",2393.97998,2405.77002,2352.719971,2381.72998,19201970000,2381.72998
"2017-05-20",2387.209961,2418.709961,2386.919922,2415.820068,16116730000,2415.820068
"2017-05-27",2411.669922,2440.22998,2403.590088,2439.070068,15038090000,2439.070068
"2017-06-03",2437.830078,2446.199951,2415.699951,2431.77002,17598940000,2431.77002
"2017-06-10",2425.879883,2443.75,2418.530029,2433.149902,19496610000,2433.149902
"2017-06-17",2442.550049,2453.820068,2430.73999,2438.300049,19022570000,2438.300049
"2017-06-24",2443.320068,2450.419922,2405.699951,2423.409912,17565550000,2423.409912
"2017-07-01",2431.389893,2439.169922,2407.699951,2425.179932,11595360000,2425.179932
"2017-07-08",2424.51001,2463.540039,2412.790039,2459.27002,15081810000,2459.27002
"2017-07-15",2459.5,2477.620117,2450.340088,2472.540039,15057410000,2472.540039
"2017-07-22",2472.040039,2484.040039,2459.929932,2472.100098,17965610000,2472.100098
"2017-07-29",2475.939941,2480.379883,2466.47998,2476.830078,17288810000,2476.830078
"2017-08-05",2477.139893,2490.870117,2437.75,2441.320068,16365480000,2441.320068
"2017-08-12",2454.959961,2474.929932,2420.689941,2425.550049,15247600000,2425.550049
"2017-08-19",2425.5,2454.77002,2417.350098,2443.050049,13786300000,2443.050049
"2017-08-26",2447.350098,2480.379883,2428.199951,2476.550049,14107780000,2476.550049
"2017-09-02",2470.350098,2471.969971,2446.550049,2461.429932,13521090000,2461.429932
"2017-09-09",2474.52002,2500.22998,2474.52002,2500.22998,18158360000,2500.22998
"2017-09-16",2502.51001,2508.850098,2496.540039,2502.219971,15770230000,2502.219971
"2017-09-23",2499.389893,2519.439941,2488.030029,2519.360107,16177570000,2519.360107
"2017-09-30",2521.199951,2552.51001,2520.399902,2549.330078,15215390000,2549.330078
"2017-10-07",2551.389893,2557.649902,2541.600098,2553.169922,14721510000,2553.169922
"2017-10-14",2555.570068,2575.439941,2547.919922,2575.209961,15178860000,2575.209961
"2017-10-21",2578.080078,2582.97998,2544,2581.070068,18269710000,2581.070068
"2017-10-28",2577.75,2588.419922,2566.169922,2587.840088,18915260000,2587.840088
"2017-11-04",2587.469971,2597.02002,2566.330078,2582.300049,18566610000,2582.300049
"2017-11-11",2576.530029,2590.090088,2557.449951,2578.850098,17216450000,2578.850098
"2017-11-18",2579.48999,2604.209961,2578.23999,2602.419922,10448990000,2602.419922
"2017-11-25",2602.659912,2657.73999,2598.870117,2642.219971,19454370000,2642.219971
"2017-12-02",2657.189941,2665.189941,2624.75,2651.5,17189740000,2651.5
"2017-12-09",2652.189941,2679.629883,2651.469971,2675.810059,19343950000,2675.810059
"2017-12-16",2685.919922,2694.969971,2676.110107,2683.340088,16007500000,2683.340088
"2017-12-23",2679.090088,2692.120117,2673.610107,2673.610107,8767680000,2673.610107
"2017-12-30",2683.72998,2743.449951,2682.360107,2743.149902,13837790000,2743.149902
"2018-01-06",2742.669922,2787.850098,2736.060059,2786.23999,17487770000,2786.23999
"2018-01-13",2798.959961,2810.330078,2768.639893,2810.300049,15424920000,2810.300049
"2018-01-20",2809.159912,2872.870117,2808.120117,2872.870117,18283880000,2872.870117
"2018-01-27",2867.22998,2870.620117,2759.969971,2762.129883,20065340000,2762.129883
"2018-02-03",2741.060059,2763.389893,2532.689941,2619.550049,26787200000,2619.550049
"2018-02-10",2636.75,2754.419922,2622.449951,2732.219971,18854770000,2732.219971
"2018-02-17",2722.98999,2747.76001,2697.77002,2747.300049,14297470000,2747.300049
"2018-02-24",2757.370117,2789.149902,2647.320068,2691.25,19786810000,2691.25
"2018-03-03",2681.060059,2786.570068,2675.75,2786.570068,17051190000,2786.570068
"2018-03-10",2790.540039,2801.899902,2741.469971,2752.01001,18750700000,2752.01001
"2018-03-17",2741.379883,2741.379883,2585.889893,2588.26001,17533550000,2588.26001
"2018-03-24",2619.350098,2674.780029,2593.060059,2640.870117,14647940000,2640.870117
"2018-03-31",2633.449951,2672.080078,2553.800049,2604.469971,16820340000,2604.469971
"2018-04-07",2617.179932,2680.26001,2610.790039,2656.300049,15609880000,2656.300049
"2018-04-14",2670.100098,2717.48999,2660.610107,2670.139893,16375430000,2670.139893
"2018-04-21",2675.399902,2683.550049,2612.669922,2669.909912,17108410000,2669.909912
"2018-04-28",2682.51001,2682.870117,2594.620117,2663.419922,18483840000,2663.419922
"2018-05-05",2680.340088,2732.860107,2655.199951,2727.719971,17060780000,2727.719971
"2018-05-12",2738.469971,2742.100098,2701.909912,2712.969971,16310100000,2712.969971
"2018-05-19",2735.389893,2742.23999,2707.379883,2721.330078,15963780000,2721.330078
"2018-05-26",2705.110107,2736.929932,2676.810059,2734.620117,15217440000,2734.620117
"2018-06-02",2741.669922,2779.899902,2739.51001,2779.030029,17380480000,2779.030029
"2018-06-09",2780.179932,2791.469971,2761.72998,2779.659912,19368250000,2779.659912
"2018-06-16",2765.790039,2774.98999,2743.189941,2754.879883,19026830000,2754.879883
"2018-06-23",2742.939941,2746.090088,2691.98999,2718.370117,17980020000,2718.370117
"2018-06-30",2704.949951,2764.409912,2698.949951,2759.820068,10493320000,2759.820068
"2018-07-07",2775.620117,2804.530029,2770.72998,2801.310059,14514320000,2801.310059
"2018-07-14",2797.360107,2816.76001,2789.23999,2801.830078,15449650000,2801.830078
"2018-07-21",2799.169922,2848.030029,2795.139893,2818.820068,16947010000,2818.820068
"2018-07-28",2819,2840.379883,2796.340088,2840.350098,17132630000,2840.350098
"2018-08-04",2840.290039,2863.429932,2825.810059,2833.280029,15312600000,2833.280029
"2018-08-11",2835.459961,2855.629883,2802.48999,2850.129883,16024470000,2850.129883
"2018-08-18",2853.929932,2876.159912,2850.620117,2874.689941,13894820000,2874.689941
"2018-08-25",2884.689941,2916.5,2884.689941,2901.52002,14011570000,2901.52002
"2018-09-01",2896.959961,2900.179932,2864.120117,2871.679932,12404170000,2871.679932
"2018-09-08",2881.389893,2908.300049,2866.780029,2904.97998,15300720000,2904.97998
"2018-09-15",2903.830078,2940.909912,2886.159912,2929.669922,18247730000,2929.669922
"2018-09-22",2921.830078,2931.149902,2903.280029,2913.97998,16539460000,2913.97998
"2018-09-29",2926.290039,2939.860107,2869.290039,2885.570068,17190620000,2885.570068
"2018-10-06",2877.530029,2894.830078,2710.51001,2767.129883,20208740000,2767.129883
"2018-10-13",2763.830078,2816.939941,2749.030029,2767.780029,17233120000,2767.780029
"2018-10-20",2773.939941,2778.939941,2628.159912,2658.689941,21802950000,2658.689941
"2018-10-27",2682.649902,2756.550049,2603.540039,2723.060059,23838850000,2723.060059
"2018-11-03",2726.370117,2815.149902,2717.939941,2781.01001,18698510000,2781.01001
"2018-11-10",2773.929932,2775.98999,2670.75,2736.27002,20319060000,2736.27002
"2018-11-17",2730.73999,2733.159912,2631.090088,2632.560059,1.3016e+10,2632.560059
"2018-11-24",2649.969971,2760.879883,2649.969971,2760.169922,19100190000,2760.169922
"2018-12-01",2790.5,2800.179932,2621.530029,2633.080078,18044060000,2633.080078
"2018-12-08",2630.860107,2685.439941,2583.22998,2599.949951,19978530000,2599.949951
"2018-12-15",2590.75,2601.129883,2408.550049,2416.620117,27409960000,2416.620117
"2018-12-22",2400.560059,2520.27002,2346.580078,2485.73999,14647150000,2485.73999
"2018-12-29",2498.939941,2538.070068,2443.959961,2531.939941,15212300000,2531.939941
"2019-01-05",2535.610107,2597.820068,2524.560059,2596.26001,19379210000,2596.26001
"2019-01-12",2580.310059,2675.469971,2570.409912,2670.709961,18859550000,2670.709961
"2019-01-19",2657.879883,2672.379883,2612.860107,2664.76001,14490970000,2664.76001
"2019-01-26",2644.969971,2716.659912,2624.060059,2706.530029,19661740000,2706.530029
"2019-02-02",2706.48999,2738.97998,2681.830078,2707.879883,18114780000,2707.879883
"2019-02-09",2712.399902,2775.659912,2703.790039,2775.600098,18338580000,2775.600098
"2019-02-16",2769.280029,2794.199951,2764.550049,2792.669922,14356680000,2792.669922
"2019-02-23",2804.350098,2813.48999,2775.129883,2803.689941,19586400000,2803.689941
"2019-03-02",2814.370117,2816.879883,2722.27002,2743.070068,18620090000,2743.070068
"2019-03-09",2747.610107,2830.72998,2747.610107,2822.47998,20361870000,2822.47998
"2019-03-16",2822.610107,2860.310059,2800.469971,2800.709961,18727610000,2800.709961
"2019-03-23",2796.01001,2836.030029,2785.02002,2834.399902,16914430000,2834.399902
"2019-03-30",2848.629883,2893.23999,2848.629883,2892.73999,16459900000,2892.73999
"2019-04-06",2888.459961,2910.540039,2873.330078,2907.409912,15751420000,2907.409912
"2019-04-13",2908.320068,2918,2891.899902,2905.030029,13599690000,2905.030029
"2019-04-20",2898.780029,2939.879883,2896.350098,2939.879883,16755720000,2939.879883
"2019-04-27",2940.580078,2954.129883,2900.5,2945.639893,17800970000,2945.639893
"2019-05-04",2908.889893,2937.320068,2825.389893,2881.399902,17602830000,2881.399902
"2019-05-11",2840.189941,2892.149902,2801.429932,2859.530029,16938710000,2859.530029
"2019-05-18",2841.939941,2868.879883,2805.48999,2826.060059,16479450000,2826.060059
"2019-05-25",2830.030029,2840.51001,2750.52002,2752.060059,15076270000,2752.060059
"2019-06-01",2751.530029,2884.969971,2728.810059,2873.340088,17942620000,2873.340088
"2019-06-08",2885.830078,2910.610107,2874.679932,2886.97998,15783900000,2886.97998
"2019-06-15",2889.75,2964.149902,2887.300049,2950.459961,18441710000,2950.459961
"2019-06-22",2951.419922,2954.919922,2912.98999,2941.76001,18736050000,2941.76001
"2019-06-29",2971.409912,2995.840088,2952.219971,2990.409912,11118040000,2990.409912
"2019-07-06",2979.77002,3013.919922,2963.439941,3013.77002,15216580000,3013.77002
"2019-07-13",3017.800049,3017.800049,2973.090088,2976.610107,15904160000,2976.610107
"2019-07-20",2981.929932,3027.97998,2976.649902,3025.860107,16649220000,3025.860107
"2019-07-27",3024.469971,3025.610107,2914.110107,2932.050049,20098430000,2932.050049
"2019-08-03",2898.070068,2938.719971,2822.120117,2918.649902,20616730000,2918.649902
"2019-08-10",2907.070068,2943.310059,2825.51001,2888.679932,18553910000,2888.679932
"2019-08-17",2913.47998,2939.080078,2834.969971,2847.110107,16118550000,2847.110107
"2019-08-24",2866.699951,2940.429932,2853.050049,2926.459961,15673290000,2926.459961
"2019-08-31",2909.01001,2985.860107,2891.850098,2978.709961,13689030000,2978.709961
"2019-09-07",2988.429932,3020.73999,2957.01001,3007.389893,19633130000,3007.389893
"2019-09-14",2996.409912,3021.98999,2978.570068,2992.070068,20728050000,2992.070068
"2019-09-21",2983.5,3007.97998,2945.530029,2961.790039,16694510000,2961.790039
"2019-09-28",2967.070068,2992.530029,2855.939941,2952.01001,17212640000,2952.01001
"2019-10-05",2944.22998,2993.280029,2892.659912,2970.27002,15821120000,2970.27002
"2019-10-12",2965.810059,3008.290039,2962.939941,2986.199951,15500580000,2986.199951
"2019-10-19",2996.47998,3027.389893,2991.209961,3022.550049,17251350000,3022.550049
"2019-10-26",3032.120117,3066.949951,3023.189941,3066.909912,18956670000,3066.909912
"2019-11-02",3078.959961,3097.77002,3065.889893,3093.080078,20734960000,3093.080078
"2019-11-09",3080.330078,3120.459961,3075.820068,3120.459961,16622540000,3120.459961
"2019-11-16",3117.909912,3127.639893,3091.409912,3110.290039,18008990000,3110.290039
"2019-11-23",3117.439941,3154.26001,3117.439941,3140.97998,12883230000,3140.97998
"2019-11-30",3143.850098,3150.600098,3070.330078,3145.909912,17452390000,3145.909912
"2019-12-07",3141.860107,3182.679932,3126.090088,3168.800049,17669880000,3168.800049
"2019-12-14",3183.629883,3225.649902,3183.629883,3221.219971,22078130000,3221.219971
"2019-12-21",3226.050049,3247.929932,3220.51001,3240.02002,8946500000,3240.02002
"2019-12-28",3240.090088,3258.139893,3212.030029,3234.850098,12826640000,3234.850098
"2020-01-04",3217.550049,3282.98999,3214.639893,3265.350098,17666700000,3265.350098
"2020-01-11",3271.129883,3329.879883,3268.429932,3329.620117,18071600000,3329.620117
"2020-01-18",3321.030029,3337.77002,3281.530029,3295.469971,15197180000,3295.469971
"2020-01-25",3247.159912,3293.469971,3214.679932,3225.52002,19249400000,3225.52002
"2020-02-01",3235.659912,3347.959961,3235.659912,3327.709961,19469980000,3327.709961
"2020-02-08",3318.280029,3385.090088,3317.77002,3380.159912,18033560000,3380.159912
"2020-02-15",3369.040039,3393.52002,3328.449951,3337.75,15253460000,3337.75
"2020-02-22",3257.610107,3259.810059,2855.840088,2954.219971,31535270000,2954.219971
"2020-02-29",2974.280029,3136.719971,2901.540039,2972.370117,29895510000,2972.370117
"2020-03-07",2863.889893,2882.590088,2478.860107,2711.02002,40521170000,2711.02002
"2020-03-14",2508.590088,2562.97998,2280.52002,2304.919922,41887220000,2304.919922
"2020-03-21",2290.709961,2637.01001,2191.860107,2541.469971,37182690000,2541.469971
"2020-03-28",2558.97998,2641.389893,2447.48999,2488.649902,30804590000,2488.649902
"2020-04-04",2578.280029,2818.570068,2574.570068,2789.820068,27169090000,2789.820068
"2020-04-11",2782.459961,2879.219971,2721.169922,2874.560059,27017230000,2874.560059
"2020-04-18",2845.620117,2868.97998,2727.100098,2836.73999,26476650000,2836.73999
"2020-04-25",2854.649902,2954.860107,2821.610107,2830.709961,28763560000,2830.709961
"2020-05-02",2815.01001,2932.159912,2797.850098,2929.800049,24736450000,2929.800049
"2020-05-09",2915.459961,2945.820068,2766.639893,2863.699951,27177120000,2863.699951
"2020-05-16",2913.860107,2980.290039,2913.860107,2955.449951,25246330000,2955.449951
"2020-05-23",3004.080078,3068.669922,2969.75,3044.310059,24886040000,3044.310059
"2020-05-30",3038.780029,3211.719971,3031.540039,3193.929932,30895920000,3193.929932
"2020-06-06",3199.919922,3233.129883,2984.469971,3041.310059,34241980000,3041.310059
"2020-06-13",2993.76001,3155.530029,2965.659912,3097.73999,28876100000,3097.73999
"2020-06-20",3094.419922,3154.899902,3004.629883,3009.050049,27870950000,3009.050049
"2020-06-27",3018.590088,3165.810059,2999.73999,3130.01001,17793010000,3130.01001
"2020-07-04",3155.290039,3186.820068,3115.699951,3185.040039,23572210000,3185.040039
"2020-07-11",3205.080078,3238.280029,3127.659912,3224.72998,21991770000,3224.72998
"2020-07-18",3224.290039,3279.98999,3200.050049,3215.629883,20959710000,3215.629883
"2020-07-25",3219.840088,3272.169922,3204.129883,3271.120117,22039370000,3271.120117
"2020-08-01",3288.26001,3352.540039,3284.530029,3351.280029,22369880000,3351.280029
"2020-08-08",3356.040039,3387.889893,3326.439941,3372.850098,20016990000,3372.850098
"2020-08-15",3380.860107,3399.959961,3354.689941,3397.159912,18785350000,3397.159912
"2020-08-22",3418.090088,3509.22998,3413.129883,3508.01001,18887790000,3508.01001
"2020-08-29",3509.72998,3588.110107,3349.629883,3426.959961,22040710000,3426.959961
"2020-09-05",3371.879883,3425.550049,3310.469971,3340.969971,16483130000,3340.969971
"2020-09-12",3363.560059,3428.919922,3292.399902,3319.469971,24034260000,3319.469971
"2020-09-19",3285.570068,3323.350098,3209.449951,3298.459961,21547840000,3298.459961
"2020-09-26",3333.899902,3397.179932,3323.689941,3348.419922,20352550000,3348.419922
"2020-10-03",3367.27002,3482.340088,3354.540039,3477.139893,19733380000,3477.139893
"2020-10-10",3500.02002,3549.850098,3440.889893,3483.810059,19268280000,3483.810059
"2020-10-17",3493.659912,3502.419922,3415.340088,3465.389893,19895410000,3465.389893
"2020-10-24",3441.419922,3441.419922,3233.939941,3269.959961,22808450000,3269.959961
"2020-10-31",3296.199951,3529.050049,3279.73999,3509.439941,22988840000,3509.439941
"2020-11-07",3583.040039,3645.98999,3511.909912,3585.149902,28790600000,3585.149902
"2020-11-14",3600.159912,3628.51001,3543.840088,3557.540039,23922170000,3557.540039
"2020-11-21",3566.820068,3644.310059,3552.77002,3638.350098,18984870000,3638.350098
"2020-11-28",3634.179932,3699.199951,3594.389893,3699.120117,26902810000,3699.120117
"2020-12-05",3694.72998,3712.389893,3633.399902,3663.459961,23533560000,3663.459961
"2020-12-12",3675.27002,3726.699951,3645.840088,3709.409912,24265420000,3709.409912
"2020-12-19",3684.280029,3711.23999,3636.47998,3703.060059,14413820000,3703.060059
"2020-12-26",3723.030029,3760.199951,3723.030029,3756.070068,13232200000,3756.070068
"2021-01-02",3764.610107,3826.689941,3662.709961,3824.679932,25484320000,3824.679932
"2021-01-09",3803.139893,3823.600098,3749.620117,3768.25,24551330000,3768.25
"2021-01-16",3781.879883,3861.449951,3780.370117,3841.469971,19099620000,3841.469971
"2021-01-23",3851.679932,3870.899902,3694.120117,3714.23999,36413520000,3714.23999
"2021-01-30",3731.169922,3894.560059,3725.620117,3886.830078,25430390000,3886.830078
"2021-02-06",3892.590088,3937.22998,3884.939941,3934.830078,22694360000,3934.830078
"2021-02-13",3939.610107,3950.429932,3885.030029,3906.709961,19353010000,3906.709961
"2021-02-20",3885.550049,3928.649902,3789.540039,3811.149902,31119200000,3811.149902
"2021-02-27",3842.51001,3914.5,3723.340088,3841.939941,30700830000,3841.939941
"2021-03-06",3844.389893,3960.27002,3819.25,3943.340088,26945080000,3943.340088
"2021-03-13",3942.959961,3983.870117,3886.75,3913.100098,25796900000,3913.100098
"2021-03-20",3916.47998,3978.189941,3853.5,3974.540039,24132360000,3974.540039
"2021-03-27",3969.310059,4020.629883,3943.25,4019.870117,17439630000,4019.870117
"2021-04-03",4034.439941,4129.47998,4034.439941,4128.799805,19677100000,4128.799805
"2021-04-10",4124.709961,4191.310059,4114.819824,4185.470215,19468590000,4185.470215
"2021-04-17",4179.799805,4194.169922,4118.379883,4180.169922,19795190000,4180.169922
"2021-04-24",4185.029785,4218.779785,4174.850098,4181.169922,19777170000,4181.169922
"2021-05-01",4191.97998,4238.040039,4128.589844,4232.600098,21049220000,4232.600098
"2021-05-08",4228.290039,4236.390137,4056.879883,4173.850098,17946860000,4173.850098
"2021-05-15",4169.919922,4188.720215,4061.409912,4155.859863,16716150000,4155.859863
"2021-05-22",4170.160156,4218.359863,4170.160156,4204.109863,19443140000,4204.109863
"2021-05-29",4216.52002,4234.120117,4167.930176,4229.890137,17050410000,4229.890137
"2021-06-05",4229.339844,4249.740234,4208.410156,4247.439941,18389070000,4247.439941
"2021-06-12",4248.310059,4257.160156,4164.399902,4166.450195,20949640000,4166.450195
"2021-06-19",4173.399902,4286.120117,4173.399902,4280.700195,19163010000,4280.700195
"2021-06-26",4284.899902,4355.430176,4274.669922,4352.339844,15859180000,4352.339844
"2021-07-03",4356.459961,4371.600098,4289.370117,4369.549805,12813860000,4369.549805
"2021-07-10",4372.410156,4393.680176,4322.529785,4327.160156,15756840000,4327.160156
"2021-07-17",4296.399902,4415.180176,4233.129883,4411.790039,17267170000,4411.790039
"2021-07-24",4409.580078,4429.970215,4372.509766,4395.259766,14952430000,4395.259766
"2021-07-31",4406.859863,4440.819824,4373,4436.52002,15182090000,4436.52002
"2021-08-07",4437.77002,4468.370117,4424.740234,4468,13718270000,4468
"2021-08-14",4461.649902,4480.259766,4367.72998,4441.669922,14544990000,4441.669922
"2021-08-21",4450.290039,4513.330078,4450.290039,4509.370117,14124930000,4509.370117
"2021-08-28",4513.759766,4545.850098,4513.759766,4535.430176,14256180000,4535.430176
"2021-09-04",4535.379883,4535.379883,4457.660156,4458.580078,11793790000,4458.580078
"2021-09-11",4474.810059,4492.990234,4427.759766,4432.990234,17763120000,4432.990234
"2021-09-18",4402.950195,4465.399902,4305.910156,4455.47998,15697030000,4455.47998
"2021-09-25",4442.120117,4457.299805,4288.52002,4357.040039,15555390000,4357.040039
"2021-10-02",4348.839844,4429.970215,4278.939941,4391.339844,14795520000,4391.339844
"2021-10-09",4385.439941,4475.819824,4329.919922,4471.370117,13758090000,4471.370117
"2021-10-16",4463.720215,4559.669922,4447.470215,4544.899902,13966070000,4544.899902
"2021-10-23",4553.689941,4608.080078,4537.359863,4605.379883,16206040000,4605.379883
"2021-10-30",4610.620117,4718.5,4595.060059,4697.529785,16397220000,4697.529785
"2021-11-06",4701.47998,4714.919922,4630.859863,4682.850098,15646510000,4682.850098
"2021-11-13",4689.299805,4717.75,4672.779785,4697.959961,15279660000,4697.959961
"2021-11-20",4712,4743.830078,4585.430176,4594.620117,11775840000,4594.620117
"2021-11-27",4628.75,4672.950195,4495.120117,4538.430176,20242840000,4538.430176
"2021-12-04",4548.370117,4713.569824,4540.509766,4712.02002,15411530000,4712.02002
"2021-12-11",4710.299805,4731.990234,4600.220215,4620.640137,19184960000,4620.640137
"2021-12-18",4587.899902,4740.740234,4531.100098,4725.790039,10594350000,4725.790039
"2021-12-25",4733.990234,4808.930176,4733.990234,4766.180176,11687720000,4766.180176
"2022-01-01",4778.140137,4818.620117,4662.740234,4677.029785,16800900000,4677.029785
"2022-01-08",4655.339844,4748.830078,4582.240234,4662.850098,17126800000,4662.850098
"2022-01-15",4632.240234,4632.240234,4395.339844,4397.939941,14131200000,4397.939941
"2022-01-22",4356.319824,4453.22998,4222.620117,4431.850098,21218590000,4431.850098
"2022-01-29",4431.790039,4595.310059,4414.02002,4500.529785,18846100000,4500.529785
"2022-02-05",4505.75,4590.029785,4401.410156,4418.640137,19119200000,4418.640137
"2022-02-12",4412.609863,4489.549805,4327.220215,4348.870117,17775970000,4348.870117
"2022-02-19",4332.740234,4385.339844,4114.649902,4384.649902,16834460000,4384.649902
"2022-02-26",4354.169922,4416.779785,4279.540039,4328.870117,22302830000,4328.870117
"2022-03-05",4327.009766,4327.009766,4157.870117,4204.310059,23849630000,4204.310059
"2022-03-12",4202.75,4465.399902,4161.720215,4463.120117,24946690000,4463.120117
"2022-03-19",4462.399902,4546.029785,4424.299805,4543.060059,19089240000,4543.060059
"2022-03-26",4541.089844,4637.299805,4507.569824,4545.859863,19212230000,4545.859863
"2022-04-02",4547.970215,4593.450195,4450.040039,4488.279785,19383860000,4488.279785
"2022-04-09",4462.640137,4471,4381.339844,4392.589844,13812410000,4392.589844
"2022-04-16",4385.629883,4512.939941,4267.620117,4271.779785,18149540000,4271.779785
"2022-04-23",4255.339844,4308.450195,4124.279785,4131.930176,19610750000,4131.930176
"2022-04-30",4130.609863,4307.660156,4062.51001,4123.339844,21039720000,4123.339844
"2022-05-07",4081.27002,4081.27002,3858.870117,4023.889893,23166570000,4023.889893
"2022-05-14",4013.02002,4090.719971,3810.320068,3901.360107,20590520000,3901.360107
"2022-05-21",3919.419922,4158.490234,3875.129883,4158.240234,19139100000,4158.240234
"2022-05-28",4151.089844,4177.509766,4073.850098,4108.540039,16049940000,4108.540039
"2022-06-04",4134.720215,4168.779785,3900.159912,3900.860107,17547150000,3900.860107
"2022-06-11",3838.149902,3838.149902,3636.870117,3674.840088,24639140000,3674.840088
"2022-06-18",3715.310059,3913.649902,3715.310059,3911.73999,19287840000,3911.73999
"2022-06-25",3920.76001,3945.860107,3799.02002,3818.830078,10434950000,3818.830078
