Week,Gasoline_stock_price,GSPC_Open,GSPC_High,GSPC_Low,GSPC_Close,GSPC_Volume,GSPC_Adjusted,Gas_Price
44781,215674,4155.93,4186.62,4128.97,4140.06,3604650000,4140.06,4.038
44774,220316,4112.38,4144.95,4096.02,4118.63,3540960000,4118.63,4.192
44767,225294,3965.72,3975.3,3943.46,3966.84,2988650000,3966.84,4.33
44760,225131,3883.79,3902.44,3818.63,3830.85,3414470000,3830.85,4.49
44753,228435,3880.94,3880.94,3847.22,3854.43,3023830000,3854.43,4.646
44739,219112,3920.76,3927.72,3889.66,3900.11,3385120000,3900.11,4.872
44725,218963,3838.15,3838.15,3734.3,3749.63,4572820000,3749.63,5.006
44718,217474,4134.72,4168.78,4109.18,4121.43,3852050000,4121.43,4.876
44704,218996,3919.42,3981.88,3909.04,3973.75,3392770000,3973.75,4.593
44697,219707,4013.02,4046.46,3983.99,4008.01,3824320000,4008.01,4.491
44690,220189,4081.27,4081.27,3975.48,3991.24,4746120000,3991.24,4.328
44683,224968,4130.61,4169.81,4062.51,4155.38,4474060000,4155.38,4.182
44676,228575,4255.34,4299.02,4200.82,4296.12,4061070000,4296.12,4.107
44669,230805,4385.63,4410.31,4370.3,4391.69,3509340000,4391.69,4.066
44662,232378,4462.64,4464.35,4408.38,4412.53,3452540000,4412.53,4.091
44655,233139,4547.97,4583.5,4539.21,4582.64,3833500000,4582.64,4.17
44648,236787,4541.09,4575.65,4517.69,4575.52,3696850000,4575.52,4.231
44641,238828,4462.4,4481.75,4424.3,4461.18,3961050000,4461.18,4.239
44634,238043,4202.75,4247.57,4161.72,4173.11,4757600000,4173.11,4.315
44627,240991,4327.01,4327.01,4199.85,4201.09,5506330000,4201.09,4.102
44620,244606,4354.17,4388.84,4315.12,4373.94,4594010000,4373.94,3.608
44606,246479,4412.61,4426.22,4364.84,4401.67,3466170000,4401.67,3.487
44599,247061,4505.75,4521.86,4471.47,4483.87,3291600000,4483.87,3.444
44592,248393,4431.79,4516.89,4414.02,4515.55,4001950000,4515.55,3.368
44585,250037,4356.32,4417.35,4222.62,4410.13,5172540000,4410.13,3.323
44571,246621,4655.34,4673.02,4582.24,4670.29,3621800000,4670.29,3.295
44564,240748,4778.14,4796.64,4758.17,4796.56,2775190000,4796.56,3.281
44557,232787,4733.99,4791.49,4733.99,4791.19,2264120000,4791.19,3.275
44550,222659,4587.9,4587.9,4531.1,4568.02,3395780000,4568.02,3.295
44543,224118,4710.3,4710.3,4667.6,4668.97,3322050000,4668.97,3.315
44536,218585,4548.37,4612.6,4540.51,4591.67,3305690000,4591.67,3.341
44529,219304,4628.75,4672.95,4625.26,4655.27,3471380000,4655.27,3.38
44522,215422,4712,4743.83,4682.17,4682.94,3206280000,4682.94,3.395
44515,211393,4689.3,4697.42,4672.86,4682.8,2618980000,4682.8,3.399
44508,211996,4701.48,4714.92,4694.39,4701.7,3465720000,4701.7,3.41
44501,212703,4610.62,4620.34,4595.06,4613.67,2924000000,4613.67,3.39
44494,214258,4553.69,4572.62,4537.36,4566.48,3250210000,4566.48,3.383
44487,215746,4463.72,4488.75,4447.47,4486.46,2683540000,4486.46,3.322
44480,217739,4385.44,4415.88,4360.59,4361.19,2580000000,4361.19,3.267
44473,223107,4348.84,4355.51,4278.94,4300.46,3110560000,4300.46,3.19
44466,225065,4442.12,4457.3,4436.19,4443.11,3032870000,4443.11,3.175
44459,221809,4402.95,4402.95,4305.91,4357.73,3773680000,4357.73,3.184
44452,221616,4474.81,4492.99,4445.7,4468.73,3096390000,4468.73,3.165
44438,219999,4513.76,4537.36,4513.76,4528.79,2557300000,4528.79,3.139
44431,227214,4450.29,4489.88,4450.29,4479.53,2965520000,4479.53,3.145
44424,225924,4461.65,4480.26,4437.66,4479.71,2707170000,4479.71,3.174
44417,228165,4437.77,4439.39,4424.74,4432.35,2779880000,4432.35,3.172
44410,227469,4406.86,4422.18,4384.81,4387.16,2919940000,4387.16,3.159
44403,228870,4409.58,4422.73,4405.45,4422.3,2679110000,4422.3,3.136
44396,234161,4296.4,4296.4,4233.13,4258.49,4155790000,4258.49,3.153
44389,236414,4372.41,4386.68,4364.03,4384.63,2983980000,4384.63,3.133
44375,235497,4284.9,4292.14,4274.67,4290.61,3415610000,4290.61,3.091
44368,241572,4173.4,4226.24,4173.4,4224.79,3391740000,4224.79,3.06
44361,240050,4248.31,4255.59,4234.07,4255.15,3612050000,4255.15,3.069
44354,242980,4229.34,4232.34,4215.66,4226.52,3835570000,4226.52,3.035
44340,233980,4170.16,4209.52,4170.16,4197.05,2947400000,4197.05,3.02
44333,232481,4169.92,4171.92,4142.69,4163.29,3307130000,4163.29,3.028
44326,234226,4228.29,4236.39,4188.13,4188.43,3678970000,4188.43,2.961
44319,236189,4191.98,4209.39,4188.03,4192.66,4061170000,4192.66,2.89
44312,235811,4185.03,4194.19,4182.36,4187.62,3738920000,4187.62,2.872
44305,235074,4179.8,4180.81,4150.47,4163.26,3788020000,4163.26,2.855
44298,234982,4124.71,4131.76,4114.82,4127.99,3578500000,4127.99,2.849
44291,234897,4034.44,4083.42,4034.44,4077.91,3999760000,4077.91,2.857
44284,234588,3969.31,3981.83,3943.25,3971.09,4619840000,3971.09,2.852
44277,230544,3916.48,3955.31,3914.16,3940.59,4311380000,3940.59,2.865
44270,232279,3942.96,3970.08,3923.54,3968.94,4882190000,3968.94,2.853
44263,232075,3844.39,3881.06,3819.25,3821.35,5852240000,3821.35,2.771
44256,231603,3842.51,3914.5,3842.51,3901.82,5071540000,3901.82,2.711
44249,243472,3885.55,3902.92,3874.71,3876.5,5870190000,3876.5,2.633
44235,257084,3892.59,3915.77,3892.59,3915.59,4635030000,3915.59,2.461
44228,256412,3731.17,3784.32,3725.62,3773.86,5392870000,3773.86,2.409
44221,252153,3851.68,3859.23,3797.16,3855.36,6955860000,3855.36,2.392
44207,245217,3803.14,3817.86,3789.02,3799.61,4450500000,3799.61,2.317
44200,245476,3764.61,3769.99,3662.71,3700.65,5006680000,3700.65,2.249
44193,241081,3723.03,3740.51,3723.03,3735.36,3527460000,3735.36,2.243
44186,236562,3684.28,3702.9,3636.48,3694.92,4732160000,3694.92,2.224
44179,237754,3675.27,3697.61,3645.84,3647.49,4594920000,3647.49,2.158
44172,238879,3694.73,3697.41,3678.88,3691.96,4788560000,3691.96,2.156
44165,237859,3634.18,3634.18,3594.39,3621.63,6291400000,3621.63,2.12
44158,233638,3566.82,3589.81,3552.77,3577.59,5036290000,3577.59,2.102
44151,230147,3600.16,3628.51,3600.16,3626.91,5281980000,3626.91,2.111
44144,227967,3583.04,3645.99,3547.48,3550.5,8556610000,3550.5,2.096
44137,225356,3296.2,3330.14,3279.74,3310.24,4310590000,3310.24,2.112
44130,227665,3441.42,3441.42,3364.86,3400.97,3988080000,3400.97,2.143
44123,226124,3493.66,3502.42,3419.93,3426.92,4086200000,3426.92,2.15
44116,227016,3500.02,3549.85,3499.61,3534.22,3428970000,3534.22,2.167
44109,225121,3367.27,3409.57,3367.27,3408.6,3686920000,3408.6,2.172
44102,226747,3333.9,3360.74,3332.91,3351.6,3946060000,3351.6,2.169
44095,228182,3285.57,3285.57,3229.1,3281.06,4828350000,3281.06,2.168
44088,227499,3363.56,3402.93,3363.56,3383.54,3832130000,3383.54,2.183
44074,231905,3509.73,3514.77,3493.25,3500.31,4342290000,3500.31,2.222
44067,234859,3418.09,3432.09,3413.13,3431.28,3728690000,3431.28,2.182
44060,239179,3380.86,3387.59,3379.22,3381.99,3671290000,3381.99,2.166
44053,243762,3356.04,3363.29,3335.44,3360.47,4318570000,3360.47,2.166
44046,247084,3288.26,3302.73,3284.53,3294.61,4643640000,3294.61,2.176
44039,247806,3219.84,3241.43,3214.25,3239.41,3963910000,3239.41,2.175
44032,247387,3224.29,3258.61,3215.16,3251.84,3971200000,3251.84,2.186
44025,246733,3205.08,3235.32,3149.43,3155.22,4890780000,3155.22,2.195
44018,248535,3155.29,3182.59,3155.29,3179.72,4736450000,3179.72,2.177
44011,251682,3018.59,3053.89,2999.74,3053.24,4462770000,3053.24,2.174
44004,256521,3094.42,3120.92,3079.39,3117.86,4665380000,3117.86,2.129
43997,255322,2993.76,3079.76,2965.66,3066.59,5740660000,3066.59,2.098
43990,256995,3199.92,3233.13,3196,3232.39,8437380000,3232.39,2.036
43983,258661,3038.78,3062.18,3031.54,3055.73,4673410000,3055.73,1.974
43969,255000,2913.86,2968.09,2913.86,2953.91,6364290000,2953.91,1.878
43962,255724,2915.46,2944.25,2903.44,2930.19,4807320000,2930.19,1.851
43955,252894,2815.01,2844.24,2797.85,2842.74,4723140000,2842.74,1.789
43948,256407,2854.65,2887.72,2852.89,2878.48,5194260000,2878.48,1.773
43941,259565,2845.62,2868.98,2820.43,2823.16,5220160000,2823.16,1.812
43934,263234,2782.46,2782.46,2721.17,2761.63,5274310000,2761.63,1.853
43927,262217,2578.28,2676.85,2574.57,2663.68,6391860000,2663.68,1.924
43920,257303,2558.98,2631.8,2545.28,2626.65,5746220000,2626.65,2.005
43913,246806,2290.71,2300.73,2191.86,2237.4,7402180000,2237.4,2.12
43906,239282,2508.59,2562.98,2380.94,2386.13,7781540000,2386.13,2.248
43899,240819,2863.89,2863.89,2734.43,2746.56,8423050000,2746.56,2.375
43892,246999,2974.28,3090.96,2945.19,3090.23,6376400000,3090.23,2.423
43885,252048,3257.61,3259.81,3214.65,3225.89,4842960000,3225.89,2.466
43871,259078,3318.28,3352.26,3317.77,3352.09,3450350000,3352.09,2.419
43864,261049,3235.66,3268.44,3235.66,3248.92,3757910000,3248.92,2.455
43857,261144,3247.16,3258.85,3234.5,3243.63,3823100000,3243.63,2.506
43843,260032,3271.13,3288.13,3268.43,3288.13,3456380000,3288.13,2.57
43836,258287,3217.55,3246.84,3214.64,3246.28,3674070000,3246.28,2.578
43829,251609,3240.09,3240.92,3216.57,3221.29,3013290000,3221.29,2.571
43822,242472,3226.05,3227.78,3222.3,3224.01,3060610000,3224.01,2.532
43815,239260,3183.63,3197.71,3183.63,3191.45,4051790000,3191.45,2.536
43808,237297,3141.86,3148.87,3135.46,3135.96,3345990000,3135.96,2.561
43801,234768,3143.85,3144.31,3110.78,3113.87,3268740000,3113.87,2.575
43794,229363,3117.44,3133.83,3117.44,3133.64,3511530000,3133.64,2.579
43787,225978,3117.91,3124.17,3112.06,3122.03,3436690000,3122.03,2.592
43780,220846,3080.33,3088.33,3075.82,3087.01,3035530000,3087.01,2.615
43773,219090,3078.96,3085.2,3074.87,3078.27,4146850000,3078.27,2.605
43766,217229,3032.12,3044.08,3032.12,3039.42,3521230000,3039.42,2.596
43759,220057,2996.48,3007.33,2995.35,3006.72,3271620000,3006.72,2.638
43752,223094,2965.81,2972.84,2962.94,2966.15,2557020000,2966.15,2.629
43745,226201,2944.23,2959.75,2935.68,2938.79,2940140000,2938.79,2.645
43738,228763,2967.07,2983.85,2967.07,2976.74,3247610000,2976.74,2.642
43731,229976,2983.5,2999.15,2982.23,2991.78,3186590000,2991.78,2.654
43724,230204,2996.41,3002.19,2990.67,2997.96,4274640000,2997.96,2.552
43717,229685,2988.43,2989.43,2969.39,2978.43,4002890000,2978.43,2.55
43703,229586,2866.7,2879.27,2856,2878.38,2857600000,2878.38,2.574
43696,231982,2913.48,2931,2913.48,2923.65,3212880000,2923.65,2.598
43689,234072,2907.07,2907.58,2873.14,2882.7,2851630000,2882.7,2.624
43682,233760,2898.07,2898.07,2822.12,2844.74,4513730000,2844.74,2.688
43675,235172,3024.47,3025.61,3014.3,3020.97,3203710000,3020.97,2.715
43668,230735,2981.93,2990.71,2976.65,2985.03,3003720000,2985.03,2.75
43661,232526,3017.8,3017.8,3008.77,3014.3,2874970000,3014.3,2.779
43654,232752,2979.77,2980.76,2970.09,2975.95,2904550000,2975.95,2.743
43647,229187,2971.41,2977.93,2952.22,2964.33,3513270000,2964.33,2.713
43640,230642,2951.42,2954.92,2944.05,2945.35,3136250000,2945.35,2.654
43633,232225,2889.75,2897.27,2887.3,2889.67,2810140000,2889.67,2.67
43626,233221,2885.83,2904.77,2885.51,2886.73,3209210000,2886.73,2.732
43619,234913,2751.53,2763.07,2728.81,2744.45,3966700000,2744.45,2.807
43605,230944,2841.94,2853.86,2831.29,2840.23,3288870000,2840.23,2.852
43598,228740,2840.19,2840.19,2801.43,2811.87,3894030000,2811.87,2.866
43591,225024,2908.89,2937.32,2898.21,2932.47,3181520000,2932.47,2.897
43584,226147,2940.58,2949.52,2939.35,2943.03,3118780000,2943.03,2.887
43577,226743,2898.78,2909.51,2896.35,2907.97,2997950000,2907.97,2.841
43570,225826,2908.32,2909.6,2896.48,2905.58,3088330000,2905.58,2.828
43563,227955,2888.46,2895.95,2880.78,2895.77,3054030000,2895.77,2.745
43556,229129,2848.63,2869.4,2848.63,2867.19,3500760000,2867.19,2.691
43549,236839,2796.01,2809.79,2785.02,2798.36,3376580000,2798.36,2.623
43542,238620,2822.61,2835.41,2821.99,2832.94,3552190000,2832.94,2.548
43535,241503,2747.61,2784,2747.61,2783.3,3749030000,2783.3,2.471
43528,246090,2814.37,2816.88,2767.66,2792.81,3919810000,2792.81,2.422
43521,250714,2804.35,2813.49,2794.99,2796.11,3804380000,2796.11,2.39
43507,256847,2712.4,2718.05,2703.79,2709.8,3361970000,2709.8,2.276
43500,258301,2706.49,2724.99,2698.75,2724.87,3359840000,2724.87,2.254
43493,257893,2644.97,2644.97,2624.06,2643.85,3612810000,2643.85,2.256
43479,259615,2580.31,2589.32,2570.41,2582.61,3664450000,2582.61,2.247
43472,255565,2535.61,2566.16,2524.56,2549.69,4104710000,2549.69,2.237
43465,248062,2498.94,2509.24,2482.82,2506.85,3442870000,2506.85,2.266
43458,239996,2400.56,2410.34,2351.1,2351.1,2613930000,2351.1,2.321
43451,233106,2590.75,2601.13,2530.54,2545.94,4616350000,2545.94,2.369
43444,230103,2630.86,2647.51,2583.23,2637.72,4151030000,2637.72,2.421
43437,228337,2790.5,2800.18,2773.38,2790.37,4186060000,2790.37,2.451
43430,226250,2649.97,2674.35,2649.97,2673.45,3443950000,2673.45,2.539
43423,224551,2730.74,2733.16,2681.09,2690.73,3772900000,2690.73,2.611
43416,225315,2773.93,2775.99,2722,2726.22,3670930000,2726.22,2.686
43409,226610,2726.37,2744.27,2717.94,2738.31,3623320000,2738.31,2.753
43402,228021,2682.65,2706.85,2603.54,2641.25,4673700000,2641.25,2.811
43395,226169,2773.94,2778.94,2749.22,2755.88,3307140000,2755.88,2.841
43388,229330,2763.83,2775.99,2749.03,2750.79,3300140000,2750.79,2.879
43381,234156,2877.53,2889.45,2862.08,2884.43,3330320000,2884.43,2.903
43374,236172,2926.29,2937.06,2917.91,2924.59,3364190000,2924.59,2.866
43367,235221,2921.83,2923.79,2912.63,2919.37,3372210000,2919.37,2.844
43360,235680,2903.83,2904.65,2886.16,2888.8,2947760000,2888.8,2.841
43353,234150,2881.39,2886.93,2875.94,2877.13,2731400000,2877.13,2.833
43339,234619,2884.69,2898.25,2884.69,2896.74,2854080000,2896.74,2.827
43332,232774,2853.93,2859.76,2850.62,2857.05,2748020000,2857.05,2.821
43325,234328,2835.46,2843.4,2819.88,2821.93,3158450000,2821.93,2.843
43318,233128,2840.29,2853.29,2835.98,2850.4,2874540000,2850.4,2.852
43311,233868,2819,2821.74,2798.11,2802.6,3245770000,2802.6,2.846
43304,230968,2799.17,2808.61,2795.14,2806.98,2907430000,2806.98,2.831
43297,233504,2797.36,2801.19,2793.39,2798.43,2812230000,2798.43,2.865
43290,235832,2775.62,2784.65,2770.73,2784.17,3050040000,2784.17,2.857
43283,238997,2704.95,2727.26,2698.95,2726.71,3073650000,2726.71,2.844
43276,239691,2742.94,2742.94,2698.67,2717.07,3655080000,2717.07,2.833
43269,241196,2765.79,2774.99,2757.12,2773.75,3287150000,2773.75,2.879
43262,240040,2780.18,2790.21,2780.17,2782,3232330000,2782,2.911
43255,236763,2741.67,2749.16,2740.54,2746.87,3376510000,2746.87,2.94
43241,234431,2735.39,2739.19,2725.7,2733.01,3019890000,2733.01,2.923
43234,233897,2738.47,2742.1,2725.47,2730.13,2972660000,2730.13,2.873
43227,232014,2680.34,2683.35,2664.7,2672.63,3237960000,2672.63,2.845
43220,235804,2682.51,2682.87,2648.04,2648.05,3734530000,2648.05,2.846
43213,237978,2675.4,2682.86,2657.99,2670.29,3017480000,2670.29,2.798
43206,236807,2670.1,2686.49,2665.16,2677.84,3019700000,2677.84,2.747
43199,235967,2617.18,2653.55,2610.79,2613.16,3062960000,2613.16,2.694
43192,238935,2633.45,2638.3,2553.8,2581.88,3598520000,2581.88,2.7
43185,238477,2619.35,2661.36,2601.81,2658.55,3511100000,2658.55,2.648
43178,239593,2741.38,2741.38,2694.59,2712.92,3302130000,2712.92,2.598
43171,243065,2790.54,2796.98,2779.26,2783.02,3185020000,2783.02,2.559
43164,244758,2681.06,2728.09,2675.75,2720.94,3710810000,2720.94,2.56
43157,251029,2757.37,2780.64,2753.78,2779.6,3424650000,2779.6,2.548
43143,249334,2636.75,2672.61,2622.45,2656,4055790000,2656,2.607
43136,249073,2741.06,2763.39,2638.17,2648.94,5283460000,2648.94,2.637
43129,245474,2867.23,2870.62,2851.48,2853.53,3573830000,2853.53,2.607
43122,242060,2809.16,2833.03,2808.12,2832.97,3471780000,2832.97,2.567
43108,240942,2742.67,2748.51,2737.6,2747.71,3242650000,2747.71,2.522
43087,228374,2685.92,2694.97,2685.92,2690.16,3724660000,2690.16,2.45
43080,227783,2652.19,2660.33,2651.47,2659.99,3091950000,2659.99,2.485
43073,226546,2657.19,2665.19,2639.03,2639.44,4023150000,2639.44,2.5
43066,220882,2602.66,2606.41,2598.87,2601.42,3006860000,2601.42,2.533
43059,214102,2579.49,2584.64,2578.24,2582.14,3003540000,2582.14,2.568
43052,210475,2576.53,2587.66,2574.48,2584.84,3402930000,2584.84,2.592
43045,210431,2587.47,2593.38,2585.66,2591.13,3539080000,2591.13,2.561
43038,209537,2577.75,2580.03,2568.25,2572.83,3658870000,2572.83,2.488
43031,212849,2578.08,2578.29,2564.33,2564.98,3211710000,2564.98,2.479
43024,216869,2555.57,2559.47,2552.64,2557.64,2916020000,2557.64,2.489
43017,222334,2551.39,2551.82,2541.6,2544.73,2483970000,2544.73,2.504
43010,221426,2521.2,2529.23,2520.4,2529.12,3199730000,2529.12,2.565
43003,218936,2499.39,2502.54,2488.03,2496.66,3297890000,2496.66,2.583
42996,217292,2502.51,2508.32,2499.92,2503.87,3194300000,2503.87,2.634
42989,216185,2474.52,2488.95,2474.52,2488.11,3291760000,2488.11,2.685
42975,226738,2447.35,2449.12,2439.03,2444.24,2677700000,2444.24,2.399
42968,229937,2425.5,2430.58,2417.35,2428.37,2788150000,2428.37,2.36
42961,229902,2454.96,2468.22,2454.96,2465.84,2822550000,2465.84,2.384
42954,231125,2477.14,2480.95,2475.88,2480.91,2931780000,2480.91,2.378
42947,231103,2475.94,2477.96,2468.53,2470.3,3469210000,2470.3,2.352
42940,227679,2472.04,2473.1,2466.32,2469.91,3010240000,2469.91,2.312
42933,230196,2459.5,2462.82,2457.16,2459.14,2793170000,2459.14,2.278
42926,231211,2424.51,2432,2422.27,2427.43,2999130000,2427.43,2.297
42919,235656,2431.39,2439.17,2428.69,2429.01,1962290000,2429.01,2.26
42912,237303,2443.32,2450.42,2437.03,2439.07,3238970000,2439.07,2.288
42905,240972,2442.55,2453.82,2441.79,2453.46,3264700000,2453.46,2.318
42898,241866,2425.88,2430.38,2419.97,2429.39,4027750000,2429.39,2.366
42891,242444,2437.83,2439.55,2434.32,2436.1,2912600000,2436.1,2.414
42877,237024,2387.21,2395.46,2386.92,2394.02,3172830000,2394.02,2.399
42870,239882,2393.98,2404.05,2393.94,2402.32,3473600000,2402.32,2.369
42863,240669,2399.94,2401.36,2393.92,2399.38,3429440000,2399.38,2.372
42856,241082,2388.5,2394.49,2384.83,2388.33,3199240000,2388.33,2.411
42849,241232,2370.33,2376.98,2369.19,2374.15,3690650000,2374.15,2.449
42842,241041,2332.62,2349.14,2332.51,2349.01,2824710000,2349.01,2.436
42835,237672,2357.16,2366.37,2351.5,2357.16,2785410000,2357.16,2.424
42828,236130,2362.34,2365.87,2344.73,2358.84,3416400000,2358.84,2.36
42821,239103,2329.11,2344.9,2322.25,2341.59,3240230000,2341.59,2.315
42814,239721,2378.24,2379.55,2369.66,2373.47,3054930000,2373.47,2.321
42807,243468,2371.56,2374.42,2368.52,2373.47,3133900000,2373.47,2.323
42800,246279,2375.23,2378.8,2367.98,2375.31,3232700000,2375.31,2.341
42793,249334,2365.23,2371.54,2361.87,2369.75,3582610000,2369.75,2.314
42779,256435,2321.72,2331.58,2321.42,2328.25,3349730000,2328.25,2.307
42772,259063,2294.28,2296.18,2288.57,2292.56,3109050000,2292.56,2.293
42765,256217,2286.01,2286.01,2268.04,2280.9,3591270000,2280.9,2.296
42758,257086,2267.78,2271.78,2257.02,2265.2,3152710000,2265.2,2.326
42744,246424,2273.59,2275.49,2268.9,2268.9,3217610000,2268.9,2.388
42723,227143,2259.24,2267.47,2258.21,2262.53,3248370000,2262.53,2.264
42716,228736,2258.83,2264.03,2252.37,2256.96,4034510000,2256.96,2.236
42709,230045,2200.65,2209.42,2199.97,2204.71,3895230000,2204.71,2.208
42702,229548,2210.21,2211.14,2200.36,2201.72,3505650000,2201.72,2.154
42695,226123,2186.43,2198.7,2186.43,2198.18,3607010000,2198.18,2.155
42688,224026,2165.64,2171.36,2156.08,2164.2,5367200000,2164.2,2.184
42681,221709,2100.59,2132,2100.59,2131.52,3736060000,2131.52,2.233
42674,220963,2129.78,2133.25,2125.53,2126.15,3922400000,2126.15,2.23
42667,223804,2148.5,2154.79,2146.91,2151.33,3357320000,2151.33,2.243
42660,226011,2132.95,2135.61,2124.43,2126.5,2830390000,2126.5,2.257
42653,227967,2160.39,2169.6,2160.39,2163.66,2916550000,2163.66,2.272
42646,225498,2164.33,2164.41,2154.77,2161.2,3137550000,2161.2,2.245
42639,227405,2158.54,2158.54,2145.04,2146.1,3216170000,2146.1,2.224
42632,227183,2143.99,2153.61,2135.91,2139.12,3163000000,2139.12,2.225
42625,225156,2120.86,2163.3,2119.12,2159.04,4010480000,2159.04,2.202
42611,227793,2170.19,2183.48,2170.19,2180.38,2654780000,2180.38,2.237
42604,232004,2181.58,2185.15,2175.96,2182.64,2777550000,2182.64,2.193
42597,232695,2186.08,2193.81,2186.08,2190.15,3078530000,2190.15,2.149
42590,232659,2183.76,2185.44,2177.85,2180.89,3327550000,2180.89,2.15
42583,235383,2173.15,2178.29,2166.21,2170.84,3505990000,2170.84,2.159
42576,238190,2173.71,2173.71,2161.95,2168.48,3057240000,2168.48,2.182
42569,241452,2162.04,2168.35,2159.63,2166.89,3009310000,2166.89,2.23
42562,241000,2131.72,2143.16,2131.72,2137.16,3253340000,2137.16,2.253
42548,238876,2031.45,2031.45,1991.68,2000.54,5431220000,2000.54,2.329
42541,238998,2075.58,2100.66,2075.58,2083.25,3467440000,2083.25,2.353
42534,237631,2091.75,2098.12,2078.46,2079.06,3392030000,2079.06,2.399
42527,237004,2100.83,2113.36,2100.83,2109.41,3442020000,2109.41,2.381
42513,238619,2052.23,2055.58,2047.26,2048.04,3055480000,2048.04,2.3
42506,240111,2046.53,2071.88,2046.53,2066.66,3501360000,2066.66,2.242
42499,238068,2057.55,2064.15,2054.31,2058.69,3788620000,2058.69,2.22
42492,240564,2067.17,2083.42,2066.11,2081.43,3841110000,2081.43,2.24
42485,241795,2089.37,2089.37,2077.52,2087.79,3319740000,2087.79,2.162
42478,241259,2078.83,2094.66,2073.65,2094.34,3316880000,2094.34,2.137
42471,239651,2050.23,2062.93,2041.88,2041.99,3567840000,2041.99,2.069
42464,239761,2073.19,2074.02,2062.57,2066.13,3485710000,2066.13,2.083
42457,243998,2037.89,2042.67,2031.96,2037.05,2809090000,2037.05,2.066
42450,242560,2047.88,2053.91,2043.14,2051.6,3376600000,2051.6,2.007
42443,245074,2019.27,2024.57,2012.05,2019.64,3487850000,2019.64,1.961
42436,249716,1996.11,2006.12,1989.38,2001.76,4968180000,2001.76,1.841
42429,250463,1947.13,1958.27,1931.81,1932.23,4588180000,1932.23,1.783
42422,254989,1924.44,1946.7,1924.44,1945.5,4054710000,1945.5,1.73
42408,258693,1873.25,1873.25,1828.46,1853.44,5636460000,1853.44,1.759
42401,255657,1936.94,1947.2,1920.3,1939.38,4322530000,1939.38,1.822
42394,254399,1906.28,1906.28,1875.97,1877.08,4401380000,1877.08,1.856
42380,244997,1926.12,1935.65,1901.1,1923.67,4607290000,1923.67,1.996
42373,240434,2038.2,2038.2,1989.68,2012.66,4304880000,2012.66,2.028
42366,231996,2057.77,2057.77,2044.2,2056.5,2492510000,2056.5,2.034
42359,221420,2010.27,2022.9,2005.93,2021.15,3760280000,2021.15,2.026
42352,220495,2013.37,2022.92,1993.26,2021.94,4612440000,2021.94,2.037
42345,219384,2090.42,2090.42,2066.78,2077.07,4043820000,2077.07,2.053
42338,217653,2090.95,2093.81,2080.41,2080.41,4275030000,2080.41,2.059
42331,216867,2089.41,2095.61,2081.39,2086.59,3587980000,2086.59,2.094
42324,216732,2022.08,2053.22,2019.39,2053.19,3741240000,2053.19,2.178
42317,214254,2096.56,2096.56,2068.24,2078.58,3882350000,2078.58,2.235
42310,213245,2080.76,2106.2,2080.76,2104.05,3760020000,2104.05,2.224
42303,215347,2075.08,2075.14,2066.53,2071.18,3385800000,2071.18,2.228
42296,218647,2031.73,2034.45,2022.31,2033.66,3287320000,2033.66,2.277
42289,219784,2015.65,2018.66,2010.55,2017.46,2893250000,2017.46,2.337
42282,221302,1954.33,1989.17,1954.33,1987.05,4334490000,1987.05,2.318
42275,223920,1929.18,1929.18,1879.21,1881.77,4326660000,1881.77,2.322
42268,222010,1960.84,1979.64,1955.8,1966.97,3269350000,1966.97,2.327
42261,218756,1963.06,1963.06,1948.27,1953.03,3000200000,1953.03,2.375
42247,214547,1986.73,1986.73,1965.98,1972.18,3915100000,1972.18,2.51
42240,214163,1965.15,1965.15,1867.01,1893.21,6612690000,1893.21,2.637
42233,214434,2089.7,2102.87,2079.3,2102.44,2867690000,2102.44,2.716
42226,212774,2080.98,2105.35,2080.98,2104.18,3514460000,2104.18,2.629
42219,215482,2104.49,2105.7,2087.31,2098.04,3476770000,2098.04,2.689
42212,216733,2078.19,2078.19,2063.52,2067.64,3836750000,2067.64,2.745
42205,215922,2126.85,2132.82,2123.66,2128.28,3245870000,2128.28,2.802
42198,216285,2080.03,2100.67,2080.03,2099.6,3096730000,2099.6,2.834
42191,218010,2073.95,2078.61,2058.4,2068.76,3486360000,2068.76,2.793
42184,217952,2098.63,2098.63,2056.64,2057.64,3678960000,2057.64,2.801
42177,216737,2112.5,2129.87,2112.5,2122.85,3030020000,2122.85,2.812
42170,218494,2091.34,2091.34,2072.49,2084.43,3061570000,2084.43,2.835
42163,217814,2092.34,2093.01,2079.11,2079.28,2917150000,2079.28,2.78
42156,217354,2108.64,2119.15,2102.54,2111.73,3011710000,2111.73,2.78
42142,220627,2121.3,2131.78,2120.01,2129.2,2888190000,2129.2,2.744
42135,223936,2115.56,2117.69,2104.58,2105.33,2992670000,2105.33,2.691
42128,226710,2110.23,2120.95,2110.23,2114.49,3091580000,2114.49,2.664
42121,227852,2119.29,2125.92,2107.04,2108.92,3438750000,2108.92,2.57
42114,227451,2084.11,2103.94,2084.11,2100.4,3000160000,2100.4,2.485
42107,225738,2102.03,2107.65,2092.33,2092.43,2908420000,2092.43,2.408
42100,227873,2064.87,2086.99,2056.52,2080.62,3302970000,2080.62,2.413
42093,229945,2064.11,2088.97,2064.11,2086.24,2917690000,2086.24,2.448
42086,229128,2107.99,2114.86,2104.42,2104.42,3267960000,2104.42,2.457
42079,233386,2055.35,2081.41,2055.35,2081.19,3295600000,2081.19,2.453
42072,235400,2072.25,2083.49,2072.21,2079.43,3349090000,2079.43,2.487
42065,239873,2105.23,2117.52,2104.5,2117.39,3409490000,2117.39,2.473
42058,240060,2109.83,2110.05,2103,2109.66,3093680000,2109.66,2.332
42044,243132,2053.47,2056.16,2041.88,2046.74,3549540000,2046.74,2.191
42037,242647,1996.67,2021.66,1980.9,2020.85,4008330000,2020.85,2.068
42030,240670,2050.42,2057.62,2040.97,2057.09,3465760000,2057.09,2.044
42016,240922,2046.13,2049.3,2022.58,2028.26,3456460000,2028.26,2.139
42009,240334,2054.44,2054.44,2017.34,2020.58,3799120000,2020.58,2.214
42002,237163,2087.63,2093.55,2085.75,2090.57,2452360000,2090.57,2.299
41995,229048,2069.28,2078.76,2069.28,2078.54,3369520000,2078.54,2.403
41988,226097,2005.03,2018.69,1982.26,1989.63,4361990000,1989.63,2.554
41981,222014,2074.84,2075.78,2054.27,2060.31,3800990000,2060.31,2.679
41974,216764,2065.78,2065.78,2049.57,2053.44,4159010000,2053.44,2.778
41967,208567,2065.07,2070.17,2065.07,2069.41,3128060000,2069.41,2.821
41960,206424,2038.29,2043.07,2034.46,2041.32,3152890000,2041.32,2.894
41953,204599,2032.01,2038.7,2030.17,2038.26,3284940000,2038.26,2.941
41946,203565,2018.21,2024.46,2013.68,2017.81,3555440000,2017.81,2.993
41939,201760,1962.97,1964.64,1951.37,1961.63,3538860000,1961.63,3.056
41932,203138,1885.62,1905.03,1882.3,1904.01,3331210000,1904.01,3.12
41925,204374,1905.65,1912.09,1874.14,1874.74,4352580000,1874.74,3.207
41918,205673,1970.01,1977.84,1958.43,1964.82,3358220000,1964.82,3.299
41911,209668,1978.96,1981.28,1964.04,1977.8,3094440000,1977.8,3.354
41904,208488,2009.08,2009.08,1991.01,1994.29,3349670000,1994.29,3.353
41897,210324,1986.04,1987.18,1978.48,1984.13,2776530000,1984.13,3.408
41890,210738,2007.17,2007.17,1995.6,2001.54,2789090000,2001.54,3.457
41876,209992,1991.74,2001.95,1991.74,1997.92,2233880000,1997.92,3.454
41869,212314,1958.36,1971.99,1958.36,1971.74,2638160000,1971.74,3.472
41862,213274,1933.43,1944.9,1933.43,1936.92,2784890000,1936.92,3.505
41855,212689,1926.62,1942.92,1921.2,1938.99,3072920000,1938.99,3.515
41848,213849,1978.25,1981.52,1967.31,1978.91,2803320000,1978.91,3.539
41841,218236,1976.93,1976.93,1965.77,1973.63,2611160000,1973.63,3.593
41834,217871,1969.86,1979.85,1969.86,1977.1,2744920000,1977.1,3.635
41827,214492,1984.22,1984.22,1974.88,1977.65,2681260000,1977.65,3.678
41820,214321,1960.79,1964.24,1958.22,1960.23,3037350000,1960.23,3.704
41813,213742,1962.92,1963.74,1958.89,1962.61,2717630000,1962.61,3.704
41806,214977,1934.84,1941.15,1930.91,1937.78,2926130000,1937.78,3.686
41799,214267,1948.97,1955.55,1947.16,1951.27,2812180000,1951.27,3.674
41792,213482,1923.87,1925.88,1915.98,1924.97,2509020000,1924.97,3.69
41778,211575,1876.66,1886,1872.42,1885.08,2664250000,1885.08,3.665
41771,213378,1880.03,1897.13,1880.03,1896.65,3005740000,1896.65,3.668
41764,212408,1879.45,1885.51,1866.77,1884.66,2733730000,1884.66,3.684
41757,213180,1865,1877.01,1850.61,1869.43,4034680000,1869.43,3.713
41750,211572,1865.79,1871.89,1863.18,1871.89,2642500000,1871.89,3.683
41743,210008,1818.18,1834.19,1815.8,1830.61,3111540000,1830.61,3.651
41736,210282,1863.92,1864.04,1841.48,1845.04,3801540000,1845.04,3.596
41729,210436,1859.16,1875.18,1859.16,1872.34,3274300000,1872.34,3.579
41722,215624,1867.67,1873.34,1849.69,1857.44,3409000000,1857.44,3.549
41715,217198,1842.81,1862.3,1842.81,1858.83,2860490000,1858.83,3.547
41708,222299,1877.86,1877.87,1867.04,1877.17,3021350000,1877.17,3.512
41701,223766,1857.68,1857.68,1834.44,1845.73,3428220000,1845.73,3.479
41694,228996,1836.78,1858.71,1836.78,1847.61,4014530000,1847.61,3.444
41680,233407,1796.2,1799.94,1791.83,1799.84,3312160000,1799.84,3.309
41673,233098,1782.68,1784.83,1739.66,1741.89,4726040000,1741.89,3.292
41666,234951,1791.03,1795.98,1772.88,1781.56,4045200000,1781.56,3.295
41652,235265,1841.26,1843.45,1815.52,1819.2,3591350000,1819.2,3.327
41645,233142,1832.31,1837.16,1823.73,1826.77,3294850000,1826.77,3.332
41638,226959,1841.47,1842.47,1838.77,1841.07,2293860000,1841.07,3.331
41631,220716,1822.92,1829.75,1822.92,1827.99,2851540000,1827.99,3.271
41624,219872,1777.48,1792.22,1777.48,1786.54,3209890000,1786.54,3.239
41617,220486,1806.21,1811.52,1806.21,1808.37,3129500000,1808.37,3.269
41610,219149,1806.55,1810.02,1798.6,1800.9,3095430000,1800.9,3.272
41603,212432,1806.33,1808.1,1800.58,1802.48,2998540000,1802.48,3.293
41596,210604,1798.82,1802.33,1788,1791.53,3168520000,1791.53,3.219
41589,208853,1769.96,1773.44,1767.85,1771.89,2534060000,1771.89,3.194
41582,209198,1763.4,1768.78,1761.56,1767.93,3194870000,1767.93,3.265
41575,210036,1759.42,1764.99,1757.67,1762.11,3282300000,1762.11,3.294
41568,213791,1745.2,1747.79,1740.67,1744.66,3052710000,1744.66,3.36
41561,215504,1699.86,1711.03,1692.13,1710.14,2580580000,1710.14,3.354
41554,217309,1687.15,1687.15,1674.7,1676.12,2678490000,1676.12,3.367
41547,219879,1687.26,1687.26,1674.99,1681.55,3308630000,1681.55,3.425
41540,219730,1711.44,1711.44,1697.1,1701.84,3126950000,1701.84,3.495
41533,216235,1691.7,1704.95,1691.7,1697.6,3079800000,1697.6,3.547
41526,216018,1656.85,1672.4,1656.85,1671.71,3102780000,1671.71,3.587
41512,215987,1664.29,1669.51,1656.02,1656.78,2430670000,1656.78,3.552
41505,217814,1655.25,1659.18,1645.84,1646.06,2904530000,1646.06,3.55
41498,218401,1688.37,1691.49,1683.35,1689.47,2789160000,1689.47,3.561
41491,222430,1708.01,1709.24,1703.55,1707.14,2529300000,1707.14,3.632
41484,223599,1690.32,1690.92,1681.86,1685.33,2840520000,1685.33,3.646
41477,223464,1694.41,1697.61,1690.67,1695.53,2779130000,1695.53,3.682
41470,222694,1679.59,1684.51,1677.89,1682.5,2623200000,1682.5,3.639
41463,224083,1634.2,1644.68,1634.2,1640.46,3514590000,1640.46,3.492
41456,221028,1609.78,1626.61,1609.78,1614.96,3104690000,1614.96,3.496
41449,223662,1588.77,1588.77,1560.33,1573.09,4733660000,1573.09,3.577
41442,225381,1630.64,1646.5,1630.34,1639.04,3137080000,1639.04,3.626
41435,221728,1644.67,1648.69,1639.26,1642.81,2978730000,1642.81,3.655
41428,221545,1631.71,1640.42,1622.72,1640.42,3952070000,1640.42,3.646
41414,219163,1665.71,1672.84,1663.52,1666.29,3275080000,1666.29,3.673
41407,220677,1632.1,1636,1626.74,1633.77,2910600000,1633.77,3.603
41400,217662,1614.4,1619.77,1614.21,1617.5,3062240000,1617.5,3.538
41393,215074,1582.34,1596.65,1582.34,1593.61,2891200000,1593.61,3.52
41386,215984,1555.25,1565.55,1548.19,1562.5,2979880000,1562.5,3.536
41379,217802,1588.84,1588.84,1552.28,1552.36,4660130000,1552.36,3.542
41372,221730,1553.26,1563.07,1548.63,1563.07,2887120000,1563.07,3.608
41365,222363,1569.18,1570.57,1558.47,1562.17,2753110000,1562.17,3.645
41358,220664,1556.89,1564.91,1546.22,1551.69,3178170000,1551.69,3.68
41351,221236,1560.7,1560.7,1545.13,1552.1,3164560000,1552.1,3.696
41344,222832,1551.15,1556.27,1547.36,1556.22,3091080000,1556.22,3.71
41337,224308,1518.2,1525.27,1512.29,1525.2,3414430000,1525.2,3.759
41330,227879,1515.6,1525.84,1487.85,1487.85,4011050000,1487.85,3.784
41316,230352,1517.93,1518.31,1513.61,1517.01,2684100000,1517.01,3.611
41309,233236,1513.17,1513.17,1495.02,1495.71,3390000000,1495.71,3.538
41302,234039,1502.96,1503.23,1496.33,1500.18,3388540000,1500.18,3.357
41288,233257,1472.05,1472.05,1465.69,1470.68,3003010000,1470.68,3.303
41281,234995,1466.47,1466.47,1456.62,1461.89,3304970000,1461.89,3.299
41274,233085,1402.43,1426.74,1398.11,1426.19,3204330000,1426.19,3.298
41267,225673,1430.15,1430.15,1424.66,1426.66,1248960000,1426.66,3.257
41260,223104,1413.54,1430.67,1413.54,1430.36,3455610000,1430.36,3.254
41253,219322,1418.07,1421.64,1415.64,1418.55,2999430000,1418.55,3.349
41246,217115,1416.34,1423.73,1408.46,1409.46,3074280000,1409.46,3.394
41239,212115,1409.15,1409.15,1397.68,1406.29,2948960000,1406.29,3.437
41232,204255,1359.88,1386.89,1359.88,1386.89,3374800000,1386.89,3.429
41225,200390,1379.86,1384.87,1377.19,1380.03,2567540000,1380.03,3.449
41218,201937,1414.02,1419.9,1408.13,1417.26,2921040000,1417.26,3.492
41204,199502,1433.21,1435.46,1422.06,1433.82,3216220000,1433.82,3.687
41197,198567,1428.75,1441.31,1427.24,1440.13,3483810000,1440.13,3.819
41190,197128,1460.93,1460.93,1453.1,1455.88,2328720000,1455.88,3.85
41183,195408,1440.9,1457.14,1440.9,1444.49,3505080000,1444.49,3.804
41176,195942,1459.76,1460.72,1452.06,1456.89,3008920000,1456.89,3.826
41169,195828,1465.42,1465.63,1457.55,1461.19,3482430000,1461.19,3.878
41162,196309,1437.92,1438.74,1428.98,1429.08,3223670000,1429.08,3.847
41148,198893,1411.13,1416.17,1409.11,1410.44,2472500000,1410.44,3.776
41141,201227,1417.85,1418.13,1412.12,1418.13,2766320000,1418.13,3.744
41134,202736,1405.87,1405.87,1397.32,1404.11,2499990000,1404.11,3.721
41127,203698,1391.04,1399.63,1391.04,1394.23,3122050000,1394.23,3.645
41120,206069,1385.94,1391.74,1381.37,1385.3,3212060000,1385.3,3.508
41113,207870,1362.34,1362.34,1337.56,1350.52,3717180000,1350.52,3.494
41106,210044,1356.5,1357.26,1348.51,1353.64,2862720000,1353.64,3.427
41099,205910,1354.66,1354.87,1346.65,1352.46,2904860000,1352.46,3.411
41092,207725,1362.33,1366.35,1355.7,1365.51,3301650000,1365.51,3.356
41085,204973,1334.9,1334.9,1309.27,1313.72,3501820000,1313.72,3.437
41078,204822,1342.42,1348.22,1334.46,1344.78,3259430000,1344.78,3.533
41071,202744,1325.72,1335.52,1307.73,1308.93,3537530000,1308.93,3.572
41064,201801,1278.29,1282.55,1266.74,1278.18,4011960000,1278.18,3.613
41050,200179,1295.73,1316.39,1295.73,1315.99,3786750000,1315.99,3.715
41043,201012,1351.93,1351.93,1336.61,1338.35,3688120000,1338.35,3.754
41036,204311,1368.79,1373.91,1363.94,1369.58,3559390000,1369.58,3.79
41029,207108,1403.26,1403.26,1394,1397.91,3574010000,1397.91,3.83
41022,209721,1378.53,1378.53,1358.79,1366.94,3654860000,1366.94,3.87
41015,211730,1370.27,1379.66,1365.38,1369.57,3574780000,1369.57,3.922
41008,213965,1397.45,1397.45,1378.24,1382.2,3468980000,1382.2,3.939
41001,217636,1408.47,1422.38,1404.46,1419.04,3572010000,1419.04,3.941
40994,221913,1397.11,1416.58,1397.11,1416.51,3576950000,1416.51,3.918
40987,223370,1404.17,1414,1402.43,1409.75,3932570000,1409.75,3.867
40980,226907,1370.78,1373.04,1366.69,1371.09,3081870000,1371.09,3.829
40973,228121,1369.59,1369.59,1359.13,1364.33,3429480000,1364.33,3.793
40966,229531,1365.2,1371.94,1354.92,1367.59,3648890000,1367.59,3.721
40952,231527,1343.06,1353.35,1343.06,1351.77,3618040000,1351.77,3.523
40945,232176,1344.32,1344.36,1337.52,1344.33,3379700000,1344.33,3.482
40938,231776,1316.16,1316.16,1300.49,1313.01,3659010000,1313.01,3.439
40931,230147,1315.29,1322.28,1309.89,1316,3770910000,1316,3.389
40917,227520,1277.83,1281.99,1274.55,1280.7,3371600000,1280.7,3.382
40896,217714,1219.74,1224.57,1202.37,1205.35,3659820000,1205.35,3.229
40889,218406,1255.05,1255.05,1227.25,1236.47,3600570000,1236.47,3.286
40882,218818,1244.33,1266.73,1244.33,1257.08,4148060000,1257.08,3.29
40875,214994,1158.67,1197.35,1158.67,1192.55,3920750000,1192.55,3.307
40868,209847,1215.62,1215.62,1183.16,1192.98,4050070000,1192.98,3.368
40861,209634,1263.85,1263.85,1246.68,1251.78,3219680000,1251.78,3.436
40854,205159,1253.21,1261.7,1240.75,1261.12,3429740000,1261.12,3.424
40847,204167,1284.96,1284.96,1253.16,1253.3,4310210000,1253.3,3.452
40840,206274,1238.72,1256.55,1238.72,1254.19,4309380000,1254.19,3.462
40833,204918,1224.47,1224.47,1198.55,1200.86,4300700000,1200.86,3.476
40826,206271,1158.15,1194.91,1158.15,1194.89,4446800000,1194.89,3.417
40819,209595,1131.21,1138.99,1098.92,1099.23,5670340000,1099.23,3.433
40812,213729,1136.91,1164.19,1131.07,1162.95,4762830000,1162.95,3.509
40805,214866,1214.99,1214.99,1188.36,1204.09,4254190000,1204.09,3.601
40798,214075,1153.5,1162.52,1136.07,1162.27,5168550000,1162.27,3.661
40784,208840,1177.91,1210.28,1177.91,1210.08,4228070000,1210.08,3.627
40777,208641,1123.55,1145.49,1121.09,1123.82,5436260000,1123.82,3.581
40770,211436,1178.86,1204.49,1178.86,1204.49,4272850000,1204.49,3.604
40763,210081,1198.48,1198.48,1119.28,1119.46,2615150000,1119.46,3.674
40756,213591,1292.59,1307.38,1274.73,1286.94,4967390000,1286.94,3.711
40749,215179,1344.32,1344.32,1331.09,1337.43,3536890000,1337.43,3.699
40742,213478,1315.94,1315.94,1295.92,1305.44,4118160000,1305.44,3.682
40735,212456,1343.31,1343.31,1316.42,1319.49,3879130000,1319.49,3.641
40721,212539,1268.44,1284.91,1267.53,1280.1,3479070000,1280.1,3.574
40714,213173,1271.5,1280.42,1267.56,1278.36,3464660000,1278.36,3.652
40707,214601,1271.31,1277.04,1265.64,1271.83,4132520000,1271.83,3.713
40700,215065,1300.26,1300.26,1284.72,1286.17,3555980000,1286.17,3.781
40686,212283,1333.07,1333.07,1312.88,1317.37,3255580000,1317.37,3.849
40679,209730,1334.77,1343.33,1327.32,1329.47,3846250000,1329.47,3.96
40672,205936,1340.2,1349.44,1338.64,1346.29,4265250000,1346.29,3.965
40665,205817,1365.21,1370.58,1358.59,1361.22,3846250000,1361.22,3.963
40658,204542,1337.14,1337.55,1331.47,1335.25,2142130000,1335.25,3.879
40651,205588,1313.35,1313.35,1294.7,1305.14,4223740000,1305.14,3.844
40644,208096,1329.01,1333.77,1321.06,1324.46,3478970000,1324.46,3.791
40637,209679,1333.56,1336.74,1329.1,1332.87,4223740000,1332.87,3.684
40630,216679,1315.45,1319.74,1310.19,1310.19,3215170000,1310.19,3.596
40623,217036,1281.65,1300.58,1281.65,1298.38,4223730000,1298.38,3.562
40616,219720,1301.19,1301.19,1286.37,1296.39,4050370000,1296.39,3.567
40609,225040,1322.72,1327.68,1303.99,1310.13,3964730000,1310.13,3.52
40602,229214,1321.61,1329.38,1320.55,1327.22,1252850000,1327.22,3.383
40588,238298,1328.73,1332.96,1326.9,1332.32,3567040000,1332.32,3.14
40581,241096,1311.85,1322.85,1311.85,1319.05,3902270000,1319.05,3.132
40574,240891,1276.5,1287.17,1276.5,1286.12,4167160000,1286.12,3.101
40567,236228,1283.29,1291.93,1282.47,1290.84,3902470000,1290.84,3.11
40553,227670,1270.84,1271.52,1262.18,1269.75,4036450000,1269.75,3.089
40546,223227,1257.62,1276.17,1257.62,1271.87,4286670000,1271.87,3.07
40539,218146,1254.66,1258.43,1251.48,1257.54,1992470000,1257.54,3.052
40532,214857,1245.76,1250.2,1241.51,1247.08,3548140000,1247.08,2.982
40525,217173,1242.52,1246.73,1240.34,1240.46,4361240000,1240.46,2.98
40518,214773,1223.87,1225.8,1220.67,1223.12,3527370000,1223.12,2.958
40511,213964,1189.08,1190.34,1173.64,1187.76,3673450000,1187.76,2.856
40504,210153,1198.07,1198.94,1184.58,1197.84,3689500000,1197.84,2.876
40497,209592,1200.44,1207.43,1197.15,1197.75,3503370000,1197.75,2.892
40490,207679,1223.24,1224.57,1217.55,1223.25,3937230000,1223.25,2.865
40483,210336,1185.71,1195.81,1177.65,1184.38,4129180000,1184.38,2.806
40476,212253,1184.74,1196.14,1184.74,1185.62,4221380000,1185.62,2.817
40469,214942,1176.83,1185.53,1174.55,1184.71,4450050000,1184.71,2.834
40462,219329,1165.32,1168.68,1162.02,1165.32,2505900000,1165.32,2.819
40455,218174,1144.96,1148.16,1131.87,1137.03,3604110000,1137.03,2.732
40448,219943,1148.64,1149.92,1142,1142.16,3587860000,1142.16,2.694
40441,222589,1126.57,1144.86,1126.57,1142.71,3364080000,1142.71,2.723
40434,226058,1113.38,1123.87,1113.38,1121.9,4521050000,1121.9,2.721
40420,225162,1062.9,1064.4,1048.79,1048.92,2917990000,1048.92,2.682
40413,225405,1073.36,1081.58,1067.08,1067.36,3210950000,1067.36,2.704
40406,225617,1077.49,1082.62,1069.49,1079.38,3142450000,1079.38,2.745
40399,223344,1122.8,1129.24,1120.91,1127.79,3979360000,1127.79,2.783
40392,223383,1107.53,1127.3,1107.53,1125.86,4144180000,1125.86,2.735
40385,222974,1102.89,1115.01,1101.3,1115.01,4009650000,1115.01,2.749
40378,222245,1066.85,1074.7,1061.11,1071.25,4089500000,1071.25,2.722
40371,222154,1077.23,1080.78,1070.45,1078.75,3426990000,1078.75,2.718
40357,219435,1077.5,1082.6,1071.45,1074.57,3896410000,1074.57,2.757
40350,218115,1122.79,1131.23,1108.24,1113.2,4514360000,1113.2,2.743
40343,217578,1095,1105.91,1089.03,1089.63,4425830000,1089.63,2.701
40336,218340,1065.84,1071.36,1049.86,1050.47,5467560000,1050.47,2.725
40322,218984,1084.78,1089.95,1072.7,1073.65,5224040000,1073.65,2.786
40315,221631,1136.52,1141.88,1114.96,1136.94,5922920000,1136.94,2.864
40308,221834,1122.27,1163.85,1122.27,1159.73,6893700000,1159.73,2.905
40301,222128,1188.58,1205.13,1188.58,1202.26,4938050000,1202.26,2.898
40294,224942,1217.07,1219.8,1211.07,1212.05,5647760000,1212.05,2.849
40287,223685,1192.06,1197.87,1183.68,1197.52,6597740000,1197.52,2.86
40280,224925,1194.94,1199.2,1194.71,1196.48,4607090000,1196.48,2.858
40273,221338,1178.71,1187.73,1178.71,1187.44,3881620000,1187.44,2.826
40266,222374,1167.71,1174.85,1167.71,1173.22,4375580000,1173.22,2.798
40259,224872,1157.25,1167.82,1152.88,1165.81,4261680000,1165.81,2.819
40252,224559,1148.53,1150.98,1141.45,1150.51,4164110000,1150.51,2.788
40245,227274,1138.4,1141.05,1136.77,1138.5,3774680000,1138.5,2.751
40238,228984,1105.36,1116.11,1105.36,1115.71,3847640000,1115.71,2.702
40231,231943,1110,1112.29,1105.38,1108.01,3814440000,1108.01,2.655
40217,232065,1065.51,1071.2,1056.51,1056.74,4089820000,1056.74,2.652
40210,230445,1073.89,1089.38,1073.89,1089.19,4077610000,1089.19,2.661
40203,228121,1092.4,1102.97,1092.4,1096.78,4481390000,1096.78,2.705
40189,227442,1145.96,1149.74,1142.02,1146.98,4255780000,1146.98,2.751
40182,223492,1116.56,1133.87,1116.56,1132.99,3991400000,1132.99,2.665
40175,219701,1127.53,1130.38,1123.51,1127.78,2716400000,1127.78,2.607
40168,215964,1105.31,1117.68,1105.31,1114.05,3977340000,1114.05,2.589
40161,216330,1107.84,1114.76,1107.84,1114.11,4548490000,1114.11,2.599
40154,217213,1105.52,1110.72,1100.83,1103.25,4103360000,1103.25,2.634
40147,216334,1091.07,1097.24,1086.25,1095.63,3895520000,1095.63,2.629
40140,214081,1094.86,1112.38,1094.86,1106.24,3827920000,1106.24,2.639
40133,210085,1094.13,1113.69,1094.13,1109.3,4565850000,1109.3,2.629
40126,209082,1072.31,1093.19,1072.31,1093.08,4460030000,1093.08,2.666
40119,210837,1036.18,1052.18,1029.38,1042.88,6202640000,1042.88,2.694
40112,208277,1080.36,1091.75,1065.23,1066.95,6363380000,1066.95,2.674
40105,208564,1088.22,1100.17,1086.48,1097.91,4619240000,1097.91,2.574
40098,206945,1071.63,1079.46,1071.63,1076.19,3710430000,1076.19,2.489
40091,209159,1026.87,1042.58,1025.92,1040.46,4313310000,1040.46,2.468
40084,214389,1045.38,1065.13,1045.38,1062.98,3726950000,1062.98,2.499
40077,211452,1067.14,1067.28,1057.46,1064.66,4615280000,1064.66,2.552
40070,213109,1040.15,1049.74,1035,1049.34,4979610000,1049.34,2.577
40056,207153,1025.21,1025.21,1014.62,1020.62,5004560000,1020.62,2.613
40049,205085,1026.59,1035.82,1022.48,1025.57,6302450000,1025.57,2.628
40042,208054,998.18,998.18,978.51,979.73,4088570000,979.73,2.637
40035,209754,1008.89,1010.12,1000.99,1007.1,5406080000,1007.1,2.647
40028,211931,990.22,1003.61,990.22,1002.63,5603440000,1002.63,2.557
40021,212858,978.63,982.49,972.29,982.18,4631290000,982.18,2.503
40014,213076,942.07,951.62,940.99,951.13,4853150000,951.13,2.463
40007,215391,879.57,901.05,875.32,901.05,4499440000,901.05,2.528
40000,214578,894.27,898.72,886.36,898.72,4712580000,898.72,2.612
39993,213140,919.86,927.99,916.18,927.23,4211760000,927.23,2.642
39986,211238,918.13,918.13,893.04,893.04,4903940000,893.04,2.691
39979,208905,942.45,942.45,919.65,923.72,4697880000,923.72,2.672
39972,205034,938.12,946.33,926.44,939.14,4483430000,939.14,2.624
39965,201649,923.26,947.77,923.26,942.87,6370440000,942.87,2.524
39951,203417,886.07,910,886.07,909.71,5702150000,909.71,2.309
39944,203954,922.99,922.99,908.68,909.24,6150600000,909.24,2.24
39937,208291,879.21,907.85,879.21,907.24,7038840000,907.24,2.078
39930,212445,862.82,868.83,854.65,857.51,5613460000,857.51,2.049
39923,212612,868.27,868.27,832.39,832.39,6973960000,832.39,2.059
39916,217307,855.33,864.31,845.35,858.73,6434890000,858.73,2.051
39909,216505,839.75,839.75,822.79,835.48,6210000000,835.48,2.037
39902,217449,809.07,809.07,779.81,787.53,5912660000,787.53,2.046
39895,216793,772.31,823.37,772.31,822.92,7715770000,822.92,1.962
39888,214568,758.84,774.53,753.37,753.89,7883540000,753.89,1.91
39881,215712,680.76,695.27,672.88,676.53,7277320000,676.53,1.941
39874,212517,729.57,729.57,699.7,700.82,7868290000,700.82,1.934
39867,215510,773.25,777.85,742.37,743.33,6509300000,743.33,1.909
39853,218664,868.24,875.01,861.65,869.89,5574370000,869.89,1.926
39846,217559,823.09,830.78,812.87,825.44,5673270000,825.44,1.892
39839,220221,832.5,852.53,827.69,836.57,6039940000,836.57,1.838
39825,219980,890.4,890.4,864.32,870.26,4725050000,870.26,1.784
39818,213505,929.17,936.63,919.53,927.45,5413910000,927.45,1.684
39811,211437,872.37,873.7,857.07,869.42,3323430000,869.42,1.613
39804,208103,887.2,887.37,857.09,871.63,4869850000,871.63,1.653
39797,207295,881.07,884.63,857.72,868.57,4982390000,868.57,1.659
39790,203959,882.71,918.57,882.71,909.7,6553600000,909.7,1.699
39783,202664,888.61,888.61,815.69,816.21,6052010000,816.21,1.811
39776,198942,801.2,865.6,801.2,851.81,7879440000,851.81,1.892
39769,200476,873.23,882.29,848.98,850.75,4927490000,850.75,2.072
39762,198634,936.75,951.95,907.47,919.21,4572000000,919.21,2.224
39755,198095,968.67,975.57,958.82,966.3,4492280000,966.3,2.4
39748,196113,874.28,893.78,846.75,848.92,5558050000,848.92,2.656
39741,194990,943.51,985.4,943.51,985.4,5175640000,985.4,2.914
39734,196497,912.75,1006.93,912.75,1003.35,7263370000,1003.35,3.151
39727,193788,1097.56,1097.56,1007.97,1056.89,7956020000,1056.89,3.484
39720,186815,1209.07,1209.07,1106.42,1106.42,7305060000,1106.42,3.632
39713,179640,1255.37,1255.37,1205.61,1207.09,5368130000,1207.09,3.718
39706,178739,1250.92,1250.92,1192.7,1192.7,8279510000,1192.7,3.835
39699,184634,1249.5,1274.42,1247.12,1267.79,7351340000,1267.79,3.648
39685,194404,1290.47,1290.47,1264.87,1266.84,3420600000,1266.84,3.685
39678,195441,1298.14,1300.22,1274.51,1278.6,3829290000,1278.6,3.74
39671,196620,1294.42,1313.15,1291.41,1305.32,5067310000,1305.32,3.809
39664,202822,1253.27,1260.49,1247.45,1249.01,4562280000,1249.01,3.88
39657,209216,1257.76,1260.09,1234.37,1234.37,4282960000,1234.37,3.955
39650,213560,1261.82,1267.74,1255.7,1260,4630640000,1260,4.064
39643,217085,1241.61,1253.5,1225.01,1228.3,5434860000,1228.3,4.113
39636,214238,1262.9,1273.95,1240.68,1252.31,5265420000,1252.31,4.114
39629,211766,1278.06,1290.31,1274.86,1280,5032330000,1280,4.095
39622,210857,1319.77,1323.78,1315.31,1318,4186370000,1318,4.079
39615,208757,1358.85,1364.7,1352.07,1360.14,3706940000,1360.14,4.082
39608,208910,1360.83,1370.63,1350.62,1361.76,4404570000,1361.76,4.039
39601,210088,1399.62,1399.62,1377.79,1385.67,3714320000,1385.67,3.976
39587,206155,1425.28,1440.24,1421.63,1426.63,3683970000,1426.63,3.791
39580,209413,1389.4,1404.06,1386.2,1403.58,3370630000,1403.58,3.722
39573,210168,1415.34,1415.34,1404.37,1407.49,3410090000,1407.49,3.613
39566,211883,1397.96,1402.9,1394.4,1396.37,3607000000,1396.37,3.603
39559,211089,1387.72,1390.23,1379.25,1388.17,3420570000,1388.17,3.508
39552,212572,1332.2,1335.64,1326.16,1328.32,3565020000,1328.32,3.389
39545,215751,1373.69,1386.74,1369.02,1372.54,3747780000,1372.54,3.332
39538,221268,1315.92,1328.52,1312.81,1322.7,4188990000,1322.7,3.29
39531,224710,1330.29,1359.68,1330.29,1349.88,4499000000,1349.88,3.259
39524,229235,1283.21,1287.5,1256.98,1276.6,5683010000,1276.6,3.284
39517,232520,1293.16,1295.01,1272.66,1273.37,4261240000,1273.37,3.225
39510,235967,1330.45,1335.13,1320.04,1331.34,4117570000,1331.34,3.162
39503,234276,1352.75,1374.36,1346.03,1371.8,3866350000,1371.8,3.13
39489,230264,1331.92,1341.4,1320.32,1339.13,3593140000,1339.13,2.96
39482,229236,1395.38,1395.38,1379.69,1380.82,3495780000,1380.82,2.978
39475,227487,1330.7,1353.97,1322.26,1353.96,4100930000,1353.96,2.977
39461,220341,1402.91,1417.89,1402.91,1416.25,3682090000,1416.25,3.068
39454,215256,1414.07,1423.87,1403.45,1416.18,4221260000,1416.18,3.109
39447,213063,1475.25,1475.83,1465.13,1468.36,2440880000,1468.36,3.053
39440,207842,1484.55,1497.63,1484.55,1496.45,1267420000,1496.45,2.98
39433,205857,1465.05,1465.05,1445.43,1445.9,3569030000,1445.9,2.998
39426,205221,1505.11,1518.27,1504.96,1515.96,2911760000,1515.96,3
39419,202241,1479.63,1481.16,1470.08,1472.42,3323250000,1472.42,3.061
39412,200623,1440.74,1446.09,1406.1,1407.22,3706470000,1407.22,3.097
39405,196628,1456.7,1456.7,1430.42,1433.27,4119650000,1433.27,3.099
39398,195190,1453.66,1464.94,1438.53,1439.18,4192520000,1439.18,3.111
39391,195027,1505.61,1510.84,1489.95,1502.17,3819330000,1502.17,3.013
39384,194313,1536.92,1544.67,1536.43,1540.98,3124480000,1540.98,2.872
39377,195132,1497.79,1508.06,1490.4,1506.33,3471830000,1506.33,2.823
39370,193837,1562.25,1564.74,1540.81,1548.71,3139290000,1548.71,2.762
39363,195768,1556.51,1556.51,1549,1552.58,2040650000,1552.58,2.77
39356,193000,1527.29,1549.02,1527.25,1547.04,3281990000,1547.04,2.788
39349,191325,1525.75,1530.18,1516.15,1517.73,3131310000,1517.73,2.812
39342,191366,1484.24,1484.24,1471.82,1476.65,2598390000,1476.65,2.787
39335,190834,1453.5,1462.25,1439.29,1451.7,2835720000,1451.7,2.818
39321,191083,1479.36,1479.36,1465.98,1466.79,2406180000,1466.79,2.749
39314,192564,1445.94,1451.75,1430.54,1445.55,3321340000,1445.55,2.785
39307,196231,1453.42,1466.29,1451.54,1452.92,3696280000,1452.92,2.771
39300,201940,1433.04,1467.67,1427.39,1467.67,5067200000,1467.67,2.838
39293,202997,1458.93,1477.88,1454.32,1473.91,4128780000,1473.91,2.876
39286,204720,1534.06,1547.23,1534.06,1541.57,3102700000,1541.57,2.958
39279,204134,1552.5,1555.9,1546.69,1549.52,2704110000,1549.52,3.049
39272,203341,1530.43,1534.26,1527.45,1531.85,2715330000,1531.85,2.981
39265,205576,1504.66,1519.45,1504.66,1519.43,2648990000,1519.43,2.959
39258,204433,1502.56,1514.29,1492.68,1497.74,3287250000,1497.74,2.982
39251,202582,1532.9,1535.44,1529.31,1531.05,2480240000,1531.05,3.009
39244,203331,1507.64,1515.53,1503.35,1509.12,2525280000,1509.12,3.076
39237,201540,1536.28,1540.53,1532.31,1539.18,2738930000,1539.18,3.157
39223,198027,1522.75,1529.87,1522.71,1525.1,3465360000,1525.1,3.218
39216,196666,1505.76,1510.9,1498.34,1503.15,2776130000,1503.15,3.103
39209,195235,1505.57,1511,1505.54,1509.48,2545090000,1509.48,3.054
39202,193471,1494.07,1497.16,1482.29,1482.37,3093420000,1482.37,2.971
39195,193099,1484.33,1487.32,1480.19,1480.93,2575020000,1480.93,2.869
39188,194214,1452.84,1468.62,1452.84,1468.33,2870140000,1468.33,2.876
39181,197007,1443.77,1448.1,1443.28,1444.61,2349410000,1444.61,2.802
39174,199725,1420.83,1425.49,1416.37,1424.55,2875880000,1424.55,2.707
39167,205201,1436.11,1437.65,1423.28,1437.5,2754660000,1437.5,2.61
39160,210231,1386.95,1403.2,1386.95,1402.06,2777180000,1402.06,2.577
39153,210489,1402.8,1409.34,1398.4,1406.6,2664000000,1406.6,2.559
39146,213939,1387.11,1391.86,1373.97,1374.12,3480520000,1374.12,2.505
39139,216425,1451.04,1456.95,1445.48,1449.37,2822170000,1449.37,2.383
39125,222115,1438,1439.11,1431.44,1433.37,2395680000,1433.37,2.241
39118,225156,1448.33,1449.38,1443.85,1446.99,2439430000,1446.99,2.191
39111,227214,1422.03,1426.94,1418.46,1420.62,2730480000,1420.62,2.165
39104,224614,1430.47,1431.39,1420.4,1422.95,2540120000,1422.95,2.165
39090,216786,1409.26,1414.98,1403.97,1412.84,2763340000,1412.84,2.306
39069,203853,1427.08,1431.81,1420.65,1422.48,2568140000,1422.48,2.32
39062,200915,1409.81,1415.6,1408.56,1413.04,2289900000,1413.04,2.293
39055,199857,1396.67,1411.23,1396.67,1409.12,2766320000,1409.12,2.297
39048,200031,1400.95,1400.95,1381.44,1381.96,2711210000,1381.96,2.246
39041,201069,1401.17,1404.37,1397.85,1400.5,2546710000,1400.5,2.239
39034,201658,1380.58,1387.61,1378.8,1384.42,2386340000,1384.42,2.232
39027,200252,1364.27,1381.4,1364.27,1379.78,2533550000,1379.78,2.2
39020,204033,1377.3,1381.22,1373.46,1377.93,2770440000,1377.93,2.218
39013,204617,1368.58,1377.4,1363.94,1377.02,2480430000,1377.02,2.208
39006,207416,1365.61,1370.2,1364.48,1369.06,2305920000,1369.06,2.226
38999,210175,1349.58,1352.69,1346.55,1350.66,1935170000,1350.66,2.261
38992,215397,1335.82,1338.54,1330.28,1331.32,2154480000,1331.32,2.31
38985,215052,1314.78,1329.35,1311.58,1326.37,2710240000,1326.37,2.378
38978,213899,1319.85,1324.87,1318.16,1321.18,2325080000,1321.18,2.497
38971,207554,1298.86,1302.36,1290.93,1299.54,2506430000,1299.54,2.618
38957,206880,1295.09,1305.02,1293.97,1301.78,1834920000,1301.78,2.845
38950,206162,1302.3,1302.3,1295.51,1297.52,1759240000,1297.52,2.924
38943,205795,1266.67,1278.9,1266.67,1268.21,2118020000,1268.21,3
38936,205393,1279.31,1279.31,1273,1275.77,2045660000,1275.77,3.038
38929,207659,1278.53,1278.66,1274.31,1276.66,2461300000,1276.66,3.004
38922,210868,1240.25,1262.5,1240.25,1260.91,2312720000,1260.91,3.003
38915,211030,1236.2,1240.07,1231.49,1234.49,2146410000,1234.49,2.989
38908,214194,1265.46,1274.06,1264.46,1267.34,1854590000,1267.34,2.973
38901,212651,1270.06,1280.38,1270.06,1280.19,1114470000,1280.19,2.934
38894,213077,1244.5,1250.92,1243.68,1250.56,1878580000,1250.56,2.869
38887,212350,1251.54,1255.93,1237.17,1240.13,2517200000,1240.13,2.871
38880,213440,1252.27,1255.22,1236.43,1237.44,2247010000,1237.44,2.906
38873,213146,1288.16,1288.16,1264.66,1265.29,2313470000,1265.29,2.892
38859,209277,1267.03,1268.77,1252.98,1262.07,2773010000,1262.07,2.892
38852,208483,1291.19,1294.81,1284.51,1294.5,2505660000,1294.5,2.947
38845,206375,1325.76,1326.7,1322.87,1324.66,2151300000,1324.66,2.909
38838,205050,1310.61,1317.21,1303.46,1305.19,2437040000,1305.19,2.919
38831,202708,1311.28,1311.28,1303.79,1308.11,2117330000,1308.11,2.914
38824,200594,1289.12,1292.45,1280.74,1285.33,1794650000,1285.33,2.783
38817,202482,1295.51,1300.74,1293.17,1296.62,1898320000,1296.62,2.683
38810,207927,1302.88,1309.19,1296.65,1297.81,2494080000,1297.81,2.588
38803,211782,1302.95,1303.74,1299.09,1301.61,2029700000,1301.61,2.498
38796,216226,1307.25,1310,1303.59,1305.08,1976830000,1305.08,2.504
38789,221563,1281.58,1287.37,1281.58,1284.13,2070330000,1284.13,2.366
38782,223884,1287.23,1288.23,1275.67,1278.26,2280190000,1278.26,2.331
38775,224765,1289.43,1297.57,1289.43,1294.12,1975320000,1294.12,2.254
38761,225648,1266.99,1266.99,1258.34,1262.86,1850080000,1262.86,2.284
38754,225459,1264.03,1267.04,1261.62,1265.02,2132360000,1265.02,2.342
38747,223344,1283.72,1287.94,1283.51,1285.19,2282730000,1285.19,2.357
38740,219044,1261.49,1268.19,1261.49,1263.82,2256070000,1263.82,2.336
38726,211635,1285.45,1290.78,1284.82,1290.15,2301490000,1290.15,2.327
38705,202853,1267.32,1270.51,1259.28,1259.92,2208810000,1259.92,2.211
38698,204074,1259.37,1263.86,1255.52,1260.43,1876550000,1260.43,2.185
38691,204375,1265.08,1265.08,1258.12,1262.09,2325840000,1262.09,2.147
38684,202609,1268.25,1268.44,1257.17,1257.46,2016900000,1257.46,2.154
38677,199868,1248.27,1255.89,1246.9,1254.85,2117350000,1254.85,2.201
38670,200413,1234.72,1237.2,1231.78,1233.76,1899780000,1233.76,2.296
38663,200175,1220.14,1224.18,1217.29,1222.81,1987580000,1222.81,2.376
38656,201127,1198.41,1211.43,1198.41,1207.01,2567470000,1207.01,2.48
38649,196904,1179.59,1199.39,1179.59,1199.38,2197790000,1199.38,2.603
38642,195869,1186.57,1191.21,1184.48,1190.1,2054570000,1190.1,2.725
38635,195710,1195.9,1196.52,1186.12,1187.33,2195990000,1187.33,2.848
38628,192803,1228.81,1233.34,1225.15,1226.7,2097490000,1226.7,2.928
38621,195454,1215.29,1222.56,1211.84,1215.63,2022220000,1215.63,2.803
38614,199831,1237.91,1237.91,1227.65,1231.02,2076540000,1231.02,2.786
38607,195431,1241.48,1242.6,1239.15,1240.56,1938050000,1240.56,2.955
38593,190067,1205.1,1214.28,1201.53,1212.28,1599450000,1212.28,2.61
38586,194369,1219.71,1228.96,1216.47,1221.73,1621330000,1221.73,2.612
38579,194877,1230.4,1236.24,1226.2,1233.87,1562880000,1233.87,2.55
38572,198122,1226.42,1232.28,1222.67,1223.13,1804140000,1223.13,2.368
38565,203091,1234.18,1239.1,1233.8,1235.35,1716870000,1235.35,2.291
38558,205177,1233.68,1238.36,1228.15,1229.03,1717580000,1229.03,2.289
38551,209194,1227.92,1227.92,1221.13,1221.13,1582100000,1221.13,2.317
38544,211322,1211.86,1220.03,1211.86,1219.44,1846300000,1219.44,2.328
38530,215266,1191.57,1194.33,1188.3,1190.69,1738620000,1190.69,2.215
38523,216240,1216.96,1219.1,1210.65,1216.1,1714530000,1216.1,2.161
38516,215939,1198.11,1206.03,1194.51,1200.82,1661350000,1200.82,2.13
38509,215742,1196.02,1198.78,1192.75,1197.51,1547120000,1197.51,2.116
38495,216678,1189.28,1197.44,1188.76,1193.86,1681170000,1193.86,2.125
38488,215374,1154.05,1165.75,1153.64,1165.69,1856860000,1165.69,2.163
38481,214765,1171.35,1178.87,1169.38,1178.84,1857020000,1178.84,2.186
38474,213694,1156.85,1162.87,1154.71,1162.16,1980040000,1162.16,2.235
38467,213507,1152.12,1164.05,1152.12,1162.1,1795030000,1162.1,2.236
38460,211306,1142.62,1148.92,1139.8,1145.98,2180670000,1145.98,2.237
38453,211636,1181.2,1184.07,1178.69,1181.21,1525310000,1181.21,2.28
38446,213100,1172.79,1178.61,1167.72,1176.12,2079770000,1176.12,2.217
38439,212252,1171.42,1179.91,1171.42,1174.28,1746220000,1174.28,2.153
38432,214358,1189.65,1189.65,1178.82,1183.78,1819440000,1183.78,2.109
38425,217293,1200.08,1206.83,1199.51,1206.83,1437430000,1206.83,2.056
38418,221352,1222.12,1229.11,1222.12,1225.31,1488830000,1225.31,1.999
38411,224282,1211.37,1211.37,1198.13,1203.6,1795480000,1203.6,1.928
38397,223510,1205.3,1206.93,1203.59,1206.14,1290180000,1206.14,1.898
38390,221678,1203.03,1204.15,1199.27,1201.72,1347270000,1201.72,1.909
38383,216757,1171.36,1182.07,1171.36,1181.27,1679800000,1181.27,1.911
38376,216342,1167.87,1173.03,1163.75,1163.75,1494600000,1163.75,1.853
38362,216969,1186.19,1194.78,1184.8,1190.25,1490400000,1190.25,1.793
38355,215333,1211.92,1217.8,1200.32,1202.08,1510800000,1202.08,1.778
38348,214327,1210.13,1214.13,1204.92,1204.92,922000000,1204.92,1.791
38341,212251,1194.2,1203.43,1193.36,1194.65,1422800000,1194.65,1.815
38334,211381,1188,1198.74,1188,1198.68,1436100000,1198.68,1.847
38327,209616,1191.17,1192.41,1185.18,1190.25,1354400000,1190.25,1.911
38320,208096,1182.65,1186.94,1172.37,1178.57,1378500000,1178.57,1.945
38313,205741,1170.34,1178.18,1167.89,1177.24,1392700000,1177.24,1.948
38306,202741,1184.17,1184.48,1179.85,1183.81,1453300000,1183.81,1.969
38299,200879,1166.17,1166.77,1162.32,1164.89,1358700000,1164.89,2.001
38292,201270,1130.2,1133.41,1127.6,1130.51,1395900000,1130.51,2.034
38285,201677,1095.74,1096.81,1090.29,1094.8,1380500000,1094.8,2.032
38278,201163,1108.2,1114.46,1103.33,1114.02,1373300000,1114.02,2.035
38271,199883,1122.14,1126.2,1122.14,1124.39,943800000,1124.39,1.993
38264,200616,1131.5,1140.13,1131.5,1135.17,1534000000,1135.17,1.938
38257,199429,1110.11,1110.11,1103.24,1103.52,1263500000,1103.52,1.917
38250,198846,1128.55,1128.55,1120.34,1122.2,1197600000,1122.2,1.866
38243,199654,1123.92,1129.78,1123.35,1125.82,1299800000,1125.82,1.846
38229,204073,1107.77,1107.77,1099.15,1099.15,843100000,1099.15,1.866
38222,206552,1098.35,1101.4,1094.73,1095.68,1021900000,1095.68,1.884
38215,205743,1064.8,1080.66,1064.8,1079.34,1206200000,1079.34,1.875
38208,205742,1063.97,1069.46,1063.97,1065.22,1086000000,1065.22,1.877
38201,208296,1101.72,1108.6,1097.34,1106.62,1276000000,1106.62,1.888
38194,210108,1086.2,1089.82,1078.78,1084.07,1413400000,1084.07,1.905
38187,207651,1101.39,1105.52,1096.55,1100.9,1319900000,1100.9,1.928
38180,208420,1112.81,1116.11,1106.71,1114.35,1114600000,1114.35,1.917
38166,206108,1134.43,1142.6,1131.72,1133.35,1354600000,1133.35,1.921
38159,205148,1135.02,1138.05,1129.64,1130.3,1123900000,1130.3,1.937
38152,205134,1136.47,1136.47,1122.16,1125.29,1179400000,1125.29,1.985
38145,205943,1122.5,1140.54,1122.5,1140.42,1211800000,1140.42,2.034
38131,204279,1093.56,1101.28,1091.77,1095.41,1227500000,1095.41,2.064
38124,203017,1095.7,1095.7,1079.36,1084.1,1430100000,1084.1,2.017
38117,203674,1098.7,1098.7,1079.63,1087.12,1918400000,1087.12,1.941
38110,202450,1107.3,1118.72,1107.3,1117.49,1571600000,1117.49,1.844
38103,203996,1140.6,1145.08,1132.91,1135.53,1290600000,1135.53,1.812
38096,199958,1134.56,1136.18,1129.84,1135.82,1194900000,1135.82,1.813
38089,199083,1139.32,1147.29,1139.32,1145.2,1102400000,1145.2,1.786
38082,197451,1141.81,1150.57,1141.64,1150.57,1413700000,1150.57,1.78
38075,200057,1108.06,1124.37,1108.06,1122.47,1405500000,1122.47,1.758
38068,200885,1109.78,1109.78,1089.54,1095.4,1452300000,1095.4,1.743
38061,199523,1120.57,1120.57,1103.36,1104.49,1600600000,1104.49,1.724
38054,199626,1156.86,1159.94,1146.97,1147.2,1254400000,1147.2,1.738
38047,200420,1144.94,1157.45,1144.94,1155.97,1497100000,1155.97,1.717
38040,202014,1144.11,1146.69,1136.98,1140.99,1380400000,1140.99,1.688
38026,205023,1142.76,1144.46,1139.21,1139.81,1303500000,1139.81,1.638
38019,204417,1131.13,1142.45,1127.87,1135.26,1599200000,1135.26,1.616
38012,205593,1141.55,1155.38,1141,1155.37,1480600000,1155.37,1.622
37998,209484,1121.86,1127.85,1120.9,1127.23,1510200000,1127.23,1.56
37991,208416,1108.48,1122.22,1108.48,1122.22,1578200000,1122.22,1.51
37984,206308,1095.89,1109.48,1095.89,1109.48,1058800000,1109.48,1.478
37977,203619,1088.660034,1092.939941,1086.140015,1092.939941,1251700000,1092.939941,1.485
37970,202987,1074.140015,1082.790039,1068,1068.040039,1520800000,1068.040039,1.465
37963,202377,1061.5,1069.589966,1060.930054,1069.300049,1218900000,1069.300049,1.476
37956,200472,1058.199951,1070.469971,1058.199951,1070.119995,1375000000,1070.119995,1.49
37949,197110,1035.280029,1052.079956,1035.280029,1052.079956,1302800000,1052.079956,1.512
37942,193653,1050.349976,1050.349976,1035.280029,1043.630005,1374300000,1043.630005,1.497
37935,192194,1053.209961,1053.650024,1045.579956,1047.109985,1243600000,1047.109985,1.504
37928,192267,1050.709961,1061.439941,1050.709961,1059.02002,1378200000,1059.02002,1.535
37921,191334,1028.910034,1037.75,1028.910034,1031.130005,1371800000,1031.130005,1.542
37914,193809,1039.319946,1044.689941,1036.130005,1044.680054,1172600000,1044.680054,1.571
37907,195986,1038.060059,1048.900024,1038.060059,1045.349976,1040500000,1045.349976,1.568
37900,194579,1029.849976,1036.47998,1029.150024,1034.349976,1025800000,1034.349976,1.573
37893,197986,996.849976,1006.890015,995.309998,1006.580017,1366500000,1006.580017,1.591
37886,199174,1036.300049,1036.300049,1018.299988,1022.820007,1278800000,1022.820007,1.643
37879,196822,1018.630005,1019.789978,1013.590027,1014.809998,1151300000,1014.809998,1.697
37872,195322,1021.390015,1032.410034,1021.390015,1031.640015,1299300000,1031.640015,1.717
37858,191898,993.059998,993.710022,987.909973,993.710022,971700000,993.710022,1.747
37851,191179,990.669983,1000.349976,990.669983,999.73999,1127600000,999.73999,1.627
37844,196850,977.590027,985.460022,974.210022,980.590027,1022200000,980.590027,1.571
37837,198147,980.150024,985.75,966.789978,982.820007,1318700000,982.820007,1.536
37830,201784,998.679993,1000.679993,993.590027,996.52002,1328600000,996.52002,1.516
37823,204496,993.320007,993.320007,975.630005,978.799988,1254200000,978.799988,1.524
37816,207820,998.140015,1015.409973,998.140015,1003.859985,1448900000,1003.859985,1.521
37809,209422,985.700012,1005.559998,985.700012,1004.419983,1429100000,1004.419983,1.489
37802,205486,976.219971,983.609985,973.599976,974.5,1587200000,974.5,1.487
37795,204960,995.690002,995.690002,977.400024,981.640015,1398100000,981.640015,1.496
37788,208204,988.609985,1010.859985,988.609985,1010.73999,1345900000,1010.73999,1.518
37781,209124,987.76001,987.76001,972.590027,975.929993,1307000000,975.929993,1.49
37774,209853,963.590027,979.109985,963.590027,967,1662500000,967,1.473
37760,205034,944.299988,944.299988,920.22998,920.77002,1375700000,920.77002,1.498
37753,208377,933.409973,946.840027,929.299988,945.109985,1378800000,945.109985,1.491
37746,208644,930.080017,933.880005,924.549988,926.549988,1446300000,926.549988,1.513
37739,207794,898.809998,918.150024,898.809998,914.840027,1273000000,914.840027,1.557
37732,205592,893.580017,898.01001,888.169983,892.01001,1118700000,892.01001,1.574
37725,201174,868.299988,885.26001,868.299988,885.22998,1131000000,885.22998,1.595
37718,201947,878.849976,904.890015,878.849976,879.929993,1494000000,879.929993,1.63
37711,202182,863.5,863.5,843.679993,848.179993,1495500000,848.179993,1.649
37704,200721,895.789978,895.789978,862.02002,864.22998,1293000000,864.22998,1.69
37697,198977,833.27002,862.789978,827.169983,862.789978,1700420000,862.789978,1.728
37690,201083,828.890015,828.890015,806.570007,807.47998,1255000000,807.47998,1.712
37683,202008,841.150024,852.340027,832.73999,834.809998,1208900000,834.809998,1.686
37676,206086,848.169983,848.169983,832.159973,832.580017,1229200000,832.580017,1.658
37662,211206,829.690002,837.159973,823.530029,835.969971,1238200000,835.969971,1.607
37655,212649,855.700012,864.640015,855.700012,860.320007,1258500000,860.320007,1.527
37648,209613,861.400024,863.950012,844.25,847.47998,1435900000,847.47998,1.473
37634,216270,927.570007,935.049988,922.049988,926.26001,1396300000,926.26001,1.454
37627,215582,908.590027,931.77002,908.590027,929.01001,1435900000,929.01001,1.444
37620,209828,875.400024,882.099976,870.22998,879.390015,1057800000,879.390015,1.441
37613,204956,895.73999,902.429993,892.26001,897.380005,1112100000,897.380005,1.401
37606,205370,889.47998,910.419983,889.47998,910.400024,1271600000,910.400024,1.363
37599,203149,912.22998,912.22998,891.969971,892,1320800000,892,1.36
37592,203240,936.309998,954.280029,927.719971,934.530029,1612000000,934.530029,1.364
37585,199962,930.549988,937.150024,923.309998,932.869995,1574000000,932.869995,1.38
37578,197419,909.830017,915.909973,899.47998,900.359985,1282600000,900.359985,1.409
37571,193499,894.73999,894.73999,874.630005,876.190002,1113000000,876.190002,1.439
37564,194044,900.960022,924.580017,900.960022,908.349976,1645900000,908.349976,1.448
37557,192146,897.650024,907.440002,886.150024,890.22998,1382600000,890.22998,1.444
37550,194311,884.390015,900.690002,873.059998,899.719971,1447000000,899.719971,1.458
37543,195357,835.320007,844.390015,828.369995,841.440002,1200300000,841.440002,1.44
37536,198979,800.580017,808.210022,782.960022,785.280029,1576500000,785.280029,1.439
37529,205280,827.369995,827.369995,800.200012,815.280029,1721870000,815.280029,1.413
37522,208421,845.390015,845.390015,825.76001,833.700012,1381100000,833.700012,1.395
37515,207222,889.809998,891.840027,878.909973,891.099976,1001400000,891.099976,1.401
37508,204987,893.919983,907.340027,882.919983,902.960022,1130600000,902.960022,1.395
37494,205330,940.859985,950.799988,930.419983,947.950012,1016900000,947.950012,1.403
37487,206761,928.77002,951.169983,927.210022,950.700012,1299800000,950.700012,1.392
37480,208743,908.640015,908.640015,892.380005,903.799988,1036500000,903.799988,1.393
37473,207965,864.23999,864.23999,833.440002,834.599976,1425500000,834.599976,1.395
37466,212470,852.840027,898.960022,852.840027,898.960022,1778650000,898.960022,1.407
37459,211591,847.76001,854.130005,813.26001,819.849976,2248060000,819.849976,1.41
37452,212591,921.390015,921.390015,876.460022,917.929993,2574800000,917.929993,1.394
37445,213232,989.030029,993.559998,972.909973,976.97998,1184400000,976.97998,1.382
37438,214720,989.820007,994.460022,967.429993,968.650024,1425500000,968.650024,1.392
37431,216434,989.140015,1002.109985,970.849976,992.719971,1552600000,992.719971,1.384
37424,216405,1007.27002,1036.170044,1007.27002,1036.170044,1236600000,1036.170044,1.378
37417,215229,1027.530029,1038.180054,1025.449951,1030.73999,1226200000,1030.73999,1.375
37410,214362,1067.140015,1070.73999,1039.900024,1040.680054,1324300000,1040.680054,1.392
37396,218100,1106.589966,1106.589966,1090.609985,1091.880005,989800000,1091.880005,1.397
37389,216094,1054.98999,1074.839966,1053.900024,1074.560059,1088600000,1074.560059,1.388
37382,217207,1073.430054,1075.959961,1052.650024,1052.670044,1122600000,1052.670044,1.395
37375,214108,1076.319946,1078.949951,1063.619995,1065.449951,1314700000,1065.449951,1.393
37368,211946,1125.170044,1125.170044,1105.619995,1107.829956,1181800000,1107.829956,1.404
37361,210555,1111.01001,1114.859985,1099.410034,1102.550049,1120400000,1102.550049,1.404
37354,211127,1122.72998,1125.410034,1111.790039,1125.290039,1095300000,1125.290039,1.413
37347,212602,1147.390015,1147.839966,1132.869995,1146.540039,1050900000,1146.540039,1.371
37340,211521,1148.699951,1151.040039,1131.869995,1131.869995,1057900000,1131.869995,1.342
37333,207157,1166.160034,1172.72998,1159.140015,1165.550049,1169500000,1165.550049,1.288
37326,209080,1164.310059,1173.030029,1159.579956,1168.26001,1210200000,1168.26001,1.223
37319,211544,1131.780029,1153.839966,1130.930054,1153.839966,1594300000,1153.839966,1.144
37312,212674,1089.839966,1112.709961,1089.839966,1109.430054,1367400000,1109.430054,1.116
37298,216883,1096.219971,1112.01001,1094.680054,1111.939941,1159400000,1111.939941,1.107
37291,217358,1122.199951,1122.199951,1092.25,1094.439941,1437600000,1094.439941,1.116
37284,216355,1133.280029,1138.630005,1126.660034,1133.060059,1186800000,1133.060059,1.101
37270,214055,1145.599976,1145.599976,1138.150024,1138.410034,1286400000,1138.410034,1.111
37263,210500,1172.51001,1176.969971,1163.550049,1164.890015,1308300000,1164.890015,1.112
37256,207726,1161.02002,1161.160034,1148.040039,1148.079956,943600000,1148.079956,1.096
37249,207914,1144.890015,1147.829956,1144.619995,1144.650024,439670000,1144.650024,1.072
37242,207036,1123.089966,1137.300049,1122.660034,1134.359985,1260400000,1134.359985,1.059
37235,210320,1158.310059,1158.310059,1139.660034,1139.930054,1218700000,1139.930054,1.095
37228,211201,1139.449951,1139.449951,1125.780029,1129.900024,1202900000,1129.900024,1.108
37221,212099,1150.339966,1157.880005,1146.170044,1157.420044,1129800000,1157.420044,1.127
37214,207701,1138.650024,1151.060059,1138.650024,1151.060059,1316800000,1151.060059,1.167
37207,206682,1120.310059,1121.709961,1098.319946,1118.329956,991600000,1118.329956,1.182
37200,205335,1087.199951,1106.719971,1087.199951,1102.839966,1267700000,1102.839966,1.206
37193,206944,1104.609985,1104.609985,1078.300049,1078.300049,1106100000,1078.300049,1.235
37186,208308,1073.47998,1090.569946,1070.790039,1089.900024,1105700000,1089.900024,1.265
37179,208908,1091.650024,1091.650024,1078.189941,1089.97998,1024700000,1089.97998,1.309
37172,208339,1071.369995,1071.369995,1056.880005,1062.439941,979000000,1062.439941,1.352
37165,206117,1040.939941,1040.939941,1026.76001,1038.550049,1175600000,1038.550049,1.416
37158,203912,965.799988,1008.440002,965.799988,1003.450012,1746600000,1003.450012,1.485
37151,200823,1092.540039,1092.540039,1037.459961,1038.77002,2330830000,1038.77002,1.529
37144,192331,1085.780029,1096.939941,1073.150024,1092.540039,1276600000,1092.540039,1.527
37130,194690,1184.930054,1186.849976,1178.069946,1179.209961,842600000,1179.209961,1.488
37123,195874,1161.969971,1171.410034,1160.939941,1171.410034,897100000,1171.410034,1.427
37116,202069,1190.160034,1193.819946,1185.119995,1191.290039,837600000,1191.290039,1.392
37109,204627,1214.349976,1214.349976,1197.349976,1200.47998,811700000,1200.47998,1.376
37102,207789,1205.819946,1209.050049,1200.410034,1204.52002,909100000,1204.52002,1.384
37095,211313,1210.849976,1215.219971,1190.5,1191.030029,986900000,1191.030029,1.395
37088,214521,1215.680054,1219.630005,1200.050049,1202.449951,1039800000,1202.449951,1.413
37081,217832,1190.589966,1201.76001,1189.75,1198.780029,1045700000,1198.780029,1.437
37074,221549,1224.420044,1239.780029,1224.030029,1236.719971,1128300000,1236.719971,1.474
37067,221633,1225.349976,1231.5,1213.599976,1218.599976,1050100000,1218.599976,1.538
37060,220745,1214.359985,1221.22998,1208.329956,1208.430054,1111600000,1208.430054,1.601
37053,219666,1264.959961,1264.959961,1249.22998,1254.390015,870100000,1254.390015,1.647
37046,216010,1260.670044,1267.170044,1256.359985,1267.109985,836500000,1267.109985,1.679
37032,208032,1291.959961,1312.949951,1287.869995,1312.829956,1174900000,1312.829956,1.687
37025,203706,1245.670044,1249.680054,1241.02002,1248.920044,858200000,1248.920044,1.713
37018,204069,1266.609985,1270,1259.189941,1263.51001,949000000,1263.51001,1.703
37011,200025,1253.050049,1269.300049,1243.98999,1249.459961,1266800000,1249.459961,1.626
37004,198975,1242.97998,1242.97998,1217.469971,1224.359985,1012600000,1224.359985,1.619
36997,193913,1183.5,1184.640015,1167.380005,1179.680054,913900000,1179.680054,1.571
36990,192831,1128.430054,1146.130005,1126.380005,1137.589966,1062800000,1137.589966,1.5
36983,193855,1160.329956,1169.51001,1137.51001,1145.869995,1254900000,1145.869995,1.442
36976,193035,1139.829956,1160.02002,1139.829956,1152.689941,1114000000,1152.689941,1.404
36969,196272,1150.530029,1173.5,1147.180054,1170.810059,1126200000,1170.810059,1.404
36962,198193,1233.420044,1233.420044,1176.780029,1180.160034,1229000000,1180.160034,1.412
36955,201582,1234.180054,1242.550049,1234.040039,1241.410034,929200000,1241.410034,1.417
36948,203021,1245.859985,1267.689941,1241.709961,1267.650024,1130800000,1267.650024,1.431
36934,204595,1314.76001,1330.959961,1313.640015,1330.310059,1039100000,1330.310059,1.476
36927,202920,1349.469971,1354.560059,1344.47998,1354.310059,1013000000,1354.310059,1.443
36920,203783,1354.920044,1365.540039,1350.359985,1364.170044,1053100000,1364.170044,1.46
36913,205882,1342.540039,1353.619995,1333.839966,1342.900024,1164000000,1342.900024,1.471
36899,198713,1298.349976,1298.349976,1276.290039,1295.859985,1115500000,1295.859985,1.425
36878,196401,1312.150024,1332.319946,1312.150024,1322.73999,1189900000,1322.73999,1.422
36871,198983,1369.890015,1389.050049,1364.140015,1380.199951,1202400000,1380.199951,1.449
36864,196568,1315.180054,1332.060059,1310.22998,1324.969971,1103000000,1324.969971,1.486
36857,195234,1341.77002,1362.5,1341.77002,1348.969971,946100000,1348.969971,1.51
36850,191190,1367.719971,1367.719971,1341.670044,1342.619995,955800000,1342.619995,1.51
36843,188941,1365.97998,1365.97998,1328.619995,1351.26001,1129300000,1351.26001,1.523
36836,189003,1428.76001,1438.459961,1427.719971,1432.189941,930900000,1432.189941,1.526
36829,186147,1379.579956,1406.359985,1376.859985,1398.660034,1186500000,1398.660034,1.545
36822,188097,1396.930054,1406.959961,1387.75,1395.780029,1046800000,1395.780029,1.551
36815,192240,1374.170044,1379.47998,1365.060059,1374.619995,1005400000,1374.619995,1.539
36808,193261,1408.98999,1409.689941,1392.47998,1402.030029,716600000,1402.030029,1.502
36801,195840,1436.52002,1445.599976,1429.829956,1436.22998,1051200000,1436.22998,1.524
36794,195621,1448.719971,1457.420044,1435.930054,1439.030029,982400000,1439.030029,1.548
36787,190559,1465.810059,1467.77002,1441.920044,1444.51001,962500000,1444.51001,1.562
36780,187566,1494.5,1506.76001,1483.01001,1489.26001,899300000,1489.26001,1.561
36766,195498,1506.449951,1523.949951,1506.449951,1514.089966,733600000,1514.089966,1.481
36759,196372,1491.719971,1502.839966,1491.130005,1499.47998,731600000,1499.47998,1.468
36752,201200,1471.839966,1491.640015,1468.560059,1491.560059,783800000,1491.560059,1.447
36745,202442,1462.930054,1480.800049,1460.719971,1479.319946,854800000,1479.319946,1.462
36738,204582,1419.890015,1437.650024,1418.709961,1430.829956,952600000,1430.829956,1.471
36731,206253,1480.189941,1485.880005,1463.800049,1464.290039,880300000,1464.290039,1.52
36724,206907,1509.97998,1517.319946,1505.26001,1510.48999,906000000,1510.48999,1.546
36717,205638,1478.900024,1486.560059,1474.76001,1475.619995,838700000,1475.619995,1.593
36710,205147,1454.599976,1469.579956,1450.849976,1469.540039,451900000,1469.540039,1.625
36703,204522,1441.47998,1459.660034,1441.47998,1455.310059,889000000,1455.310059,1.658
36696,204280,1464.459961,1488.930054,1459.050049,1486,921700000,1486,1.681
36689,202768,1456.949951,1462.930054,1445.98999,1446,774100000,1446,1.631
36682,202699,1477.26001,1477.280029,1464.680054,1467.630005,838600000,1467.630005,1.563
36668,201075,1406.949951,1410.550049,1368.72998,1400.719971,869000000,1400.719971,1.527
36661,203561,1420.959961,1452.390015,1416.540039,1452.359985,854600000,1452.359985,1.492
36654,202479,1432.630005,1432.630005,1417.050049,1424.170044,787600000,1424.170044,1.455
36647,200770,1452.430054,1481.51001,1452.430054,1468.25,966300000,1468.25,1.42
36640,202506,1434.540039,1434.540039,1407.130005,1429.859985,868700000,1429.859985,1.437
36633,200684,1356.560059,1401.530029,1346.5,1401.439941,1204700000,1401.439941,1.444
36626,202022,1516.349976,1527.189941,1503.349976,1504.459961,853700000,1504.459961,1.475
36619,203566,1498.579956,1507.189941,1486.959961,1505.969971,1021700000,1505.969971,1.503
36612,203808,1527.459961,1534.630005,1518.459961,1523.859985,901000000,1523.859985,1.508
36605,201120,1464.469971,1470.300049,1448.48999,1456.630005,920800000,1456.630005,1.529
36598,199255,1395.069946,1398.390015,1364.839966,1383.619995,1016100000,1383.619995,1.527
36591,198819,1409.170044,1409.73999,1384.75,1391.280029,1029000000,1391.280029,1.501
36584,200970,1333.359985,1360.819946,1325.069946,1348.050049,1026500000,1348.050049,1.421
36570,196688,1387.119995,1394.930054,1380.530029,1389.939941,927300000,1389.939941,1.356
36563,199593,1424.369995,1427.150024,1413.329956,1424.23999,918100000,1424.23999,1.325
36556,200937,1360.160034,1394.47998,1350.140015,1394.459961,993800000,1394.459961,1.316
36549,201447,1441.359985,1454.089966,1395.420044,1401.530029,1115800000,1401.530029,1.315
36535,198240,1441.469971,1464.359985,1441.469971,1457.599976,1064800000,1457.599976,1.264
36528,194173,1469.25,1478,1438.359985,1455.219971,931800000,1455.219971,1.272
