weekly_date,weekly_ending_stocks_of_gasoline,weekly_regular_retail_gasoline_prices,gspc_open,gspc_high,gspc_low,gspc_close,gspc_volume,gspc_adjusted,xom,cvx
2000-01-03,194173,1.272,1469.25,1478.00,1438.36,1455.22,931800000,1455.22,39.75,42.94
2000-01-10,198240,1.264,1441.47,1464.36,1441.47,1457.60,1064800000,1457.60,42.09,45.03
2000-01-24,201447,1.315,1441.36,1454.09,1395.42,1401.53,1115800000,1401.53,42.72,44.75
2000-01-31,200937,1.316,1360.16,1394.48,1350.14,1394.46,993800000,1394.46,39.31,41.03
2000-02-07,199593,1.325,1424.37,1427.15,1413.33,1424.24,918100000,1424.24,39.75,39.56
2000-02-14,196688,1.356,1387.12,1394.93,1380.53,1389.94,927300000,1389.94,37.25,37.09
2000-02-28,200970,1.421,1333.36,1360.82,1325.07,1348.05,1026500000,1348.05,35.5,35.53
2000-03-06,198819,1.501,1409.17,1409.74,1384.75,1391.28,1029000000,1391.28,37,37.22
2000-03-13,199255,1.527,1395.07,1398.39,1364.84,1383.62,1016100000,1383.62,38.25,40.47
2000-03-20,201120,1.529,1464.47,1470.30,1448.49,1456.63,920800000,1456.63,38.09,41.78
2000-03-27,203808,1.508,1527.46,1534.63,1518.46,1523.86,901000000,1523.86,38.62,42.09
2000-04-03,203566,1.503,1498.58,1507.19,1486.96,1505.97,1021700000,1505.97,38.88,46.31
2000-04-10,202022,1.475,1516.35,1527.19,1503.35,1504.46,853700000,1504.46,39.5,42.72
2000-04-17,200684,1.444,1356.56,1401.53,1346.50,1401.44,1204700000,1401.44,39.31,42.5
2000-04-24,202506,1.437,1434.54,1434.54,1407.13,1429.86,868700000,1429.86,39.31,42.66
2000-05-01,200770,1.42,1452.43,1481.51,1452.43,1468.25,966300000,1468.25,39.16,42.75
2000-05-08,202479,1.455,1432.63,1432.63,1417.05,1424.17,787600000,1424.17,39.94,45.53
2000-05-15,203561,1.492,1420.96,1452.39,1416.54,1452.36,854600000,1452.36,40.97,46.91
2000-05-22,201075,1.527,1406.95,1410.55,1368.73,1400.72,869000000,1400.72,41.19,46.91
2000-06-05,202699,1.563,1477.26,1477.28,1464.68,1467.63,838600000,1467.63,39.5,45.38
2000-06-12,202768,1.631,1456.95,1462.93,1445.99,1446.00,774100000,1446.00,39.94,46.41
2000-06-19,204280,1.681,1464.46,1488.93,1459.05,1486.00,921700000,1486.00,41.97,46.66
2000-06-26,204522,1.658,1441.48,1459.66,1441.48,1455.31,889000000,1455.31,41.62,44.84
2000-07-03,205147,1.625,1454.60,1469.58,1450.85,1469.54,451900000,1469.54,39.41,42.44
2000-07-10,205638,1.593,1478.90,1486.56,1474.76,1475.62,838700000,1475.62,39.25,42.03
2000-07-17,206907,1.546,1509.98,1517.32,1505.26,1510.49,906000000,1510.49,39.97,42
2000-07-24,206253,1.52,1480.19,1485.88,1463.80,1464.29,880300000,1464.29,38.5,39.34
2000-07-31,204582,1.471,1419.89,1437.65,1418.71,1430.83,952600000,1430.83,40.03,40
2000-08-07,202442,1.462,1462.93,1480.80,1460.72,1479.32,854800000,1479.32,40.44,39.84
2000-08-14,201200,1.447,1471.84,1491.64,1468.56,1491.56,783800000,1491.56,41.09,41.62
2000-08-21,196372,1.468,1491.72,1502.84,1491.13,1499.48,731600000,1499.48,41.5,43.09
2000-08-28,195498,1.481,1506.45,1523.95,1506.45,1514.09,733600000,1514.09,41.34,43.06
2000-09-11,187566,1.561,1494.50,1506.76,1483.01,1489.26,899300000,1489.26,41.75,43.34
2000-09-18,190559,1.562,1465.81,1467.77,1441.92,1444.51,962500000,1444.51,44.56,45.44
2000-09-25,195621,1.548,1448.72,1457.42,1435.93,1439.03,982400000,1439.03,42.94,41.5
2000-10-02,195840,1.524,1436.52,1445.60,1429.83,1436.23,1051200000,1436.23,44.69,43.09
2000-10-09,193261,1.502,1408.99,1409.69,1392.48,1402.03,716600000,1402.03,44.72,42.41
2000-10-16,192240,1.539,1374.17,1379.48,1365.06,1374.62,1005400000,1374.62,45.25,40
2000-10-23,188097,1.551,1396.93,1406.96,1387.75,1395.78,1046800000,1395.78,44.19,41.75
2000-10-30,186147,1.545,1379.58,1406.36,1376.86,1398.66,1186500000,1398.66,43.78,39.69
2000-11-06,189003,1.526,1428.76,1438.46,1427.72,1432.19,930900000,1432.19,43.88,40.47
2000-11-13,188941,1.523,1365.98,1365.98,1328.62,1351.26,1129300000,1351.26,44.81,42.53
2000-11-20,191190,1.51,1367.72,1367.72,1341.67,1342.62,955800000,1342.62,45.28,42.16
2000-11-27,195234,1.51,1341.77,1362.50,1341.77,1348.97,946100000,1348.97,46.75,42.56
2000-12-04,196568,1.486,1315.18,1332.06,1310.23,1324.97,1103000000,1324.97,44.41,41.19
2000-12-11,198983,1.449,1369.89,1389.05,1364.14,1380.20,1202400000,1380.20,44.28,40.69
2000-12-18,196401,1.422,1312.15,1332.32,1312.15,1322.74,1189900000,1322.74,42.12,39.44
2001-01-08,198713,1.425,1298.35,1298.35,1276.29,1295.86,1115500000,1295.86,41.75,40.75
2001-01-22,205882,1.471,1342.54,1353.62,1333.84,1342.90,1164000000,1342.90,39.88,39.38
2001-01-29,203783,1.46,1354.92,1365.54,1350.36,1364.17,1053100000,1364.17,40.02,40.81
2001-02-05,202920,1.443,1349.47,1354.56,1344.48,1354.31,1013000000,1354.31,41.62,41.4
2001-02-12,204595,1.476,1314.76,1330.96,1313.64,1330.31,1039100000,1330.31,42.93,43
2001-02-26,203021,1.431,1245.86,1267.69,1241.71,1267.65,1130800000,1267.65,41.42,42
2001-03-05,201582,1.417,1234.18,1242.55,1234.04,1241.41,929200000,1241.41,41.48,44.38
2001-03-12,198193,1.412,1233.42,1233.42,1176.78,1180.16,1229000000,1180.16,42.99,46.37
2001-03-19,196272,1.404,1150.53,1173.50,1147.18,1170.81,1126200000,1170.81,40.7,44.05
2001-03-26,193035,1.404,1139.83,1160.02,1139.83,1152.69,1114000000,1152.69,38.99,43.9
2001-04-02,193855,1.442,1160.33,1169.51,1137.51,1145.87,1254900000,1145.87,40.5,43.9
2001-04-09,192831,1.5,1128.43,1146.13,1126.38,1137.59,1062800000,1137.59,41.05,44.88
2001-04-16,193913,1.571,1183.50,1184.64,1167.38,1179.68,913900000,1179.68,41.06,46
2001-04-23,198975,1.619,1242.98,1242.98,1217.47,1224.36,1012600000,1224.36,42.98,46.95
2001-04-30,200025,1.626,1253.05,1269.30,1243.99,1249.46,1266800000,1249.46,44.45,48.74
2001-05-07,204069,1.703,1266.61,1270.00,1259.19,1263.51,949000000,1263.51,43.77,46.99
2001-05-14,203706,1.713,1245.67,1249.68,1241.02,1248.92,858200000,1248.92,44.1,47.01
2001-05-21,208032,1.687,1291.96,1312.95,1287.87,1312.83,1174900000,1312.83,45.23,49
2001-06-04,216010,1.679,1260.67,1267.17,1256.36,1267.11,836500000,1267.11,44.9,48.48
2001-06-11,219666,1.647,1264.96,1264.96,1249.23,1254.39,870100000,1254.39,44.75,48.5
2001-06-18,220745,1.601,1214.36,1221.23,1208.33,1208.43,1111600000,1208.43,44.61,48.34
2001-06-25,221633,1.538,1225.35,1231.50,1213.60,1218.60,1050100000,1218.60,44.01,47.48
2001-07-02,221549,1.474,1224.42,1239.78,1224.03,1236.72,1128300000,1236.72,44.12,45.24
2001-07-09,217832,1.437,1190.59,1201.76,1189.75,1198.78,1045700000,1198.78,43.52,45.5
2001-07-16,214521,1.413,1215.68,1219.63,1200.05,1202.45,1039800000,1202.45,43.08,44.75
2001-07-23,211313,1.395,1210.85,1215.22,1190.50,1191.03,986900000,1191.03,43.5,44.55
2001-07-30,207789,1.384,1205.82,1209.05,1200.41,1204.52,909100000,1204.52,42.4,45.7
2001-08-06,204627,1.376,1214.35,1214.35,1197.35,1200.48,811700000,1200.48,41.26,45.23
2001-08-13,202069,1.392,1190.16,1193.82,1185.12,1191.29,837600000,1191.29,41.4,45.9
2001-08-20,195874,1.427,1161.97,1171.41,1160.94,1171.41,897100000,1171.41,40.42,46.02
2001-08-27,194690,1.488,1184.93,1186.85,1178.07,1179.21,842600000,1179.21,41.7,46.55
2001-09-10,192331,1.527,1085.78,1096.94,1073.15,1092.54,1276600000,1092.54,40.7,46.2
2001-09-17,200823,1.529,1092.54,1092.54,1037.46,1038.77,2330830000,1038.77,41.24,46.25
2001-09-24,203912,1.485,965.80,1008.44,965.80,1003.45,1746600000,1003.45,36,42.01
2001-10-01,206117,1.416,1040.94,1040.94,1026.76,1038.55,1175600000,1038.55,39.25,41.92
2001-10-08,208339,1.352,1071.37,1071.37,1056.88,1062.44,979000000,1062.44,40.39,44.23
2001-10-15,208908,1.309,1091.65,1091.65,1078.19,1089.98,1024700000,1089.98,41.95,45.25
2001-10-22,208308,1.265,1073.48,1090.57,1070.79,1089.90,1105700000,1089.90,40.49,43.45
2001-10-29,206944,1.235,1104.61,1104.61,1078.30,1078.30,1106100000,1078.30,40.63,44.6
2001-11-05,205335,1.206,1087.20,1106.72,1087.20,1102.84,1267700000,1102.84,40,43.98
2001-11-12,206682,1.182,1120.31,1121.71,1098.32,1118.33,991600000,1118.33,39.4,44.45
2001-11-19,207701,1.167,1138.65,1151.06,1138.65,1151.06,1316800000,1151.06,37.4,41.73
2001-11-26,212099,1.127,1150.34,1157.88,1146.17,1157.42,1129800000,1157.42,38.05,42.58
2001-12-03,211201,1.108,1139.45,1139.45,1125.78,1129.90,1202900000,1129.90,37.4,42.51
2001-12-10,210320,1.095,1158.31,1158.31,1139.66,1139.93,1218700000,1139.93,38.07,43.45
2001-12-17,207036,1.059,1123.09,1137.30,1122.66,1134.36,1260400000,1134.36,36.8,42.12
2001-12-24,207914,1.072,1144.89,1147.83,1144.62,1144.65,439670000,1144.65,38.85,44.3
2001-12-31,207726,1.096,1161.02,1161.16,1148.04,1148.08,943600000,1148.08,39.88,45
2002-01-07,210500,1.112,1172.51,1176.97,1163.55,1164.89,1308300000,1164.89,39.75,44.72
2002-01-14,214055,1.111,1145.60,1145.60,1138.15,1138.41,1286400000,1138.41,38.6,43.71
2002-01-28,216355,1.101,1133.28,1138.63,1126.66,1133.06,1186800000,1133.06,39.45,44.59
2002-02-04,217358,1.116,1122.20,1122.20,1092.25,1094.44,1437600000,1094.44,39.1,42.42
2002-02-11,216883,1.107,1096.22,1112.01,1094.68,1111.94,1159400000,1111.94,38.29,40.52
2002-02-25,212674,1.116,1089.84,1112.71,1089.84,1109.43,1367400000,1109.43,40.85,41.75
2002-03-04,211544,1.144,1131.78,1153.84,1130.93,1153.84,1594300000,1153.84,42.15,42.76
2002-03-11,209080,1.223,1164.31,1173.03,1159.58,1168.26,1210200000,1168.26,43.25,44.35
2002-03-18,207157,1.288,1166.16,1172.73,1159.14,1165.55,1169500000,1165.55,43.75,45.09
2002-03-25,211521,1.342,1148.70,1151.04,1131.87,1131.87,1057900000,1131.87,43.22,44.55
2002-04-01,212602,1.371,1147.39,1147.84,1132.87,1146.54,1050900000,1146.54,44.2,44.98
2002-04-08,211127,1.413,1122.73,1125.41,1111.79,1125.29,1095300000,1125.29,43.35,43.92
2002-04-15,210555,1.404,1111.01,1114.86,1099.41,1102.55,1120400000,1102.55,42.1,42.7
2002-04-22,211946,1.404,1125.17,1125.17,1105.62,1107.83,1181800000,1107.83,42.45,43.83
2002-04-29,214108,1.393,1076.32,1078.95,1063.62,1065.45,1314700000,1065.45,40,42.51
2002-05-06,217207,1.395,1073.43,1075.96,1052.65,1052.67,1122600000,1052.67,40.12,44.45
2002-05-13,216094,1.388,1054.99,1074.84,1053.90,1074.56,1088600000,1074.56,38.82,43.62
2002-05-20,218100,1.397,1106.59,1106.59,1090.61,1091.88,989800000,1091.88,39.95,44.27
2002-06-03,214362,1.392,1067.14,1070.74,1039.90,1040.68,1324300000,1040.68,40,43.98
2002-06-10,215229,1.375,1027.53,1038.18,1025.45,1030.74,1226200000,1030.74,39.42,43.55
2002-06-17,216405,1.378,1007.27,1036.17,1007.27,1036.17,1236600000,1036.17,39.45,43.75
2002-06-24,216434,1.384,989.14,1002.11,970.85,992.72,1552600000,992.72,39.25,44.08
2002-07-01,214720,1.392,989.82,994.46,967.43,968.65,1425500000,968.65,40.77,44.25
2002-07-08,213232,1.382,989.03,993.56,972.91,976.98,1184400000,976.98,40.35,43.8
2002-07-15,212591,1.394,921.39,921.39,876.46,917.93,2574800000,917.93,36.1,41.08
2002-07-22,211591,1.41,847.76,854.13,813.26,819.85,2248060000,819.85,32.4,36.85
2002-07-29,212470,1.407,852.84,898.96,852.84,898.96,1778650000,898.96,35.9,36
2002-08-05,207965,1.395,864.24,864.24,833.44,834.60,1425500000,834.60,33.65,35.4
2002-08-12,208743,1.393,908.64,908.64,892.38,903.80,1036500000,903.80,35.27,37.38
2002-08-19,206761,1.392,928.77,951.17,927.21,950.70,1299800000,950.70,36.55,38.21
2002-08-26,205330,1.403,940.86,950.80,930.42,947.95,1016900000,947.95,36.2,39.02
2002-09-09,204987,1.395,893.92,907.34,882.92,902.96,1130600000,902.96,34.25,37.3
2002-09-16,207222,1.401,889.81,891.84,878.91,891.10,1001400000,891.10,33.83,36.5
2002-09-23,208421,1.395,845.39,845.39,825.76,833.70,1381100000,833.70,32.62,35.02
2002-09-30,205280,1.413,827.37,827.37,800.20,815.28,1721870000,815.28,32.82,35.48
2002-10-07,198979,1.439,800.58,808.21,782.96,785.28,1576500000,785.28,33,35.9
2002-10-14,195357,1.44,835.32,844.39,828.37,841.44,1200300000,841.44,34.5,35.99
2002-10-21,194311,1.458,884.39,900.69,873.06,899.72,1447000000,899.72,35.75,37.3
2002-10-28,192146,1.444,897.65,907.44,886.15,890.23,1382600000,890.23,34.86,36.65
2002-11-04,194044,1.448,900.96,924.58,900.96,908.35,1645900000,908.35,34.5,34.75
2002-11-11,193499,1.439,894.74,894.74,874.63,876.19,1113000000,876.19,34.65,33.62
2002-11-18,197419,1.409,909.83,915.91,899.48,900.36,1282600000,900.36,35.01,33.83
2002-11-25,199962,1.38,930.55,937.15,923.31,932.87,1574000000,932.87,34.1,33.35
2002-12-02,203240,1.364,936.31,954.28,927.72,934.53,1612000000,934.53,35.15,33.6
2002-12-09,203149,1.36,912.23,912.23,891.97,892.00,1320800000,892.00,35.15,34.19
2002-12-16,205370,1.363,889.48,910.42,889.48,910.40,1271600000,910.40,35.4,34.02
2002-12-23,204956,1.401,895.74,902.43,892.26,897.38,1112100000,897.38,36.05,33.48
2002-12-30,209828,1.441,875.40,882.10,870.23,879.39,1057800000,879.39,34.88,33.15
2003-01-06,215582,1.444,908.59,931.77,908.59,929.01,1435900000,929.01,35.45,34.17
2003-01-13,216270,1.454,927.57,935.05,922.05,926.26,1396300000,926.26,35.19,34.39
2003-01-27,209613,1.473,861.40,863.95,844.25,847.48,1435900000,847.48,32.5,31.73
2003-02-03,212649,1.527,855.70,864.64,855.70,860.32,1258500000,860.32,34.16,32.2
2003-02-10,211206,1.607,829.69,837.16,823.53,835.97,1238200000,835.97,33.55,31.93
2003-02-24,206086,1.658,848.17,848.17,832.16,832.58,1229200000,832.58,33.93,32.09
2003-03-03,202008,1.686,841.15,852.34,832.74,834.81,1208900000,834.81,34.39,32.27
2003-03-10,201083,1.712,828.89,828.89,806.57,807.48,1255000000,807.48,34.79,32.6
2003-03-17,198977,1.728,833.27,862.79,827.17,862.79,1700420000,862.79,34.45,31.8
2003-03-24,200721,1.69,895.79,895.79,862.02,864.23,1293000000,864.23,35.95,32.77
2003-03-31,202182,1.649,863.50,863.50,843.68,848.18,1495500000,848.18,35.45,32.4
2003-04-07,201947,1.63,878.85,904.89,878.85,879.93,1494000000,879.93,35.98,32.88
2003-04-14,201174,1.595,868.30,885.26,868.30,885.23,1131000000,885.23,34.26,31.79
2003-04-21,205592,1.574,893.58,898.01,888.17,892.01,1118700000,892.01,35.1,32.22
2003-04-28,207794,1.557,898.81,918.15,898.81,914.84,1273000000,914.84,34.88,31.71
2003-05-05,208644,1.513,930.08,933.88,924.55,926.55,1446300000,926.55,36.15,33
2003-05-12,208377,1.491,933.41,946.84,929.30,945.11,1378800000,945.11,35.37,33.8
2003-05-19,205034,1.498,944.30,944.30,920.23,920.77,1375700000,920.77,35.17,33.42
2003-06-02,209853,1.473,963.59,979.11,963.59,967.00,1662500000,967.00,36.53,35.75
2003-06-09,209124,1.49,987.76,987.76,972.59,975.93,1307000000,975.93,37.26,36.92
2003-06-16,208204,1.518,988.61,1010.86,988.61,1010.74,1345900000,1010.74,37.93,37.27
2003-06-23,204960,1.496,995.69,995.69,977.40,981.64,1398100000,981.64,36.83,36.77
2003-06-30,205486,1.487,976.22,983.61,973.60,974.50,1587200000,974.50,36.43,36.17
2003-07-07,209422,1.489,985.70,1005.56,985.70,1004.42,1429100000,1004.42,36.1,36.12
2003-07-14,207820,1.521,998.14,1015.41,998.14,1003.86,1448900000,1003.86,35.62,36.6
2003-07-21,204496,1.524,993.32,993.32,975.63,978.80,1254200000,978.80,35.8,36.35
2003-07-28,201784,1.516,998.68,1000.68,993.59,996.52,1328600000,996.52,35.7,36.3
2003-08-04,198147,1.536,980.15,985.75,966.79,982.82,1318700000,982.82,35.5,35.51
2003-08-11,196850,1.571,977.59,985.46,974.21,980.59,1022200000,980.59,36.5,36.52
2003-08-18,191179,1.627,990.67,1000.35,990.67,999.74,1127600000,999.74,36.86,36.52
2003-08-25,191898,1.747,993.06,993.71,987.91,993.71,971700000,993.71,36.35,36
2003-09-08,195322,1.717,1021.39,1032.41,1021.39,1031.64,1299300000,1031.64,38.1,36.5
2003-09-15,196822,1.697,1018.63,1019.79,1013.59,1014.81,1151300000,1014.81,37.7,36.28
2003-09-22,199174,1.643,1036.30,1036.30,1018.30,1022.82,1278800000,1022.82,36.65,36
2003-09-29,197986,1.591,996.85,1006.89,995.31,1006.58,1366500000,1006.58,36.78,35.78
2003-10-06,194579,1.573,1029.85,1036.48,1029.15,1034.35,1025800000,1034.35,37.86,36.85
2003-10-13,195986,1.568,1038.06,1048.90,1038.06,1045.35,1040500000,1045.35,38.37,37.08
2003-10-20,193809,1.571,1039.32,1044.69,1036.13,1044.68,1172600000,1044.68,38.66,36.8
2003-10-27,191334,1.542,1028.91,1037.75,1028.91,1031.13,1371800000,1031.13,37.81,36.56
2003-11-03,192267,1.535,1050.71,1061.44,1050.71,1059.02,1378200000,1059.02,36.92,37.27
2003-11-10,192194,1.504,1053.21,1053.65,1045.58,1047.11,1243600000,1047.11,35.56,37.29
2003-11-17,193653,1.497,1050.35,1050.35,1035.28,1043.63,1374300000,1043.63,35.6,37.13
2003-11-24,197110,1.512,1035.28,1052.08,1035.28,1052.08,1302800000,1052.08,35.48,36.95
2003-12-01,200472,1.49,1058.20,1070.47,1058.20,1070.12,1375000000,1070.12,36.5,38.31
2003-12-08,202377,1.476,1061.50,1069.59,1060.93,1069.30,1218900000,1069.30,36.9,38.99
2003-12-15,202987,1.465,1074.14,1082.79,1068.00,1068.04,1520800000,1068.04,37.91,40.13
2003-12-22,203619,1.485,1088.66,1092.94,1086.14,1092.94,1251700000,1092.94,39.35,41.61
2003-12-29,206308,1.478,1095.89,1109.48,1095.89,1109.48,1058800000,1109.48,40.1,42.15
2004-01-05,208416,1.51,1108.48,1122.22,1108.48,1122.22,1578200000,1122.22,41.1,43.27
2004-01-12,209484,1.56,1121.86,1127.85,1120.90,1127.23,1510200000,1127.23,40.7,42.66
2004-01-26,205593,1.622,1141.55,1155.38,1141.00,1155.37,1480600000,1155.37,41.05,43.42
2004-02-02,204417,1.616,1131.13,1142.45,1127.87,1135.26,1599200000,1135.26,41.26,43.16
2004-02-09,205023,1.638,1142.76,1144.46,1139.21,1139.81,1303500000,1139.81,40.31,42.74
2004-02-23,202014,1.688,1144.11,1146.69,1136.98,1140.99,1380400000,1140.99,42.23,43.42
2004-03-01,200420,1.717,1144.94,1157.45,1144.94,1155.97,1497100000,1155.97,42.58,44.38
2004-03-08,199626,1.738,1156.86,1159.94,1146.97,1147.20,1254400000,1147.20,42.5,45.17
2004-03-15,199523,1.724,1120.57,1120.57,1103.36,1104.49,1600600000,1104.49,41.78,44.23
2004-03-22,200885,1.743,1109.78,1109.78,1089.54,1095.40,1452300000,1095.40,41.25,43.67
2004-03-29,200057,1.758,1108.06,1124.37,1108.06,1122.47,1405500000,1122.47,40.87,42.83
2004-04-05,197451,1.78,1141.81,1150.57,1141.64,1150.57,1413700000,1150.57,41.97,44.08
2004-04-12,199083,1.786,1139.32,1147.29,1139.32,1145.20,1102400000,1145.20,42.7,45.02
2004-04-19,199958,1.813,1134.56,1136.18,1129.84,1135.82,1194900000,1135.82,43.85,45.87
2004-04-26,203996,1.812,1140.60,1145.08,1132.91,1135.53,1290600000,1135.53,43.25,45.98
2004-05-03,202450,1.844,1107.30,1118.72,1107.30,1117.49,1571600000,1117.49,42.9,45.8
2004-05-10,203674,1.941,1098.70,1098.70,1079.63,1087.12,1918400000,1087.12,42.63,45.25
2004-05-17,203017,2.017,1095.70,1095.70,1079.36,1084.10,1430100000,1084.10,43.3,46.02
2004-05-24,204279,2.064,1093.56,1101.28,1091.77,1095.41,1227500000,1095.41,42.66,44.95
2004-06-07,205943,2.034,1122.50,1140.54,1122.50,1140.42,1211800000,1140.42,44,45.3
2004-06-14,205134,1.985,1136.47,1136.47,1122.16,1125.29,1179400000,1125.29,43.99,45.05
2004-06-21,205148,1.937,1135.02,1138.05,1129.64,1130.30,1123900000,1130.30,44.89,46.67
2004-06-28,206108,1.921,1134.43,1142.60,1131.72,1133.35,1354600000,1133.35,44.5,46.82
2004-07-12,208420,1.917,1112.81,1116.11,1106.71,1114.35,1114600000,1114.35,45.25,46.95
2004-07-19,207651,1.928,1101.39,1105.52,1096.55,1100.90,1319900000,1100.90,45.8,47.63
2004-07-26,210108,1.905,1086.20,1089.82,1078.78,1084.07,1413400000,1084.07,45.27,46.95
2004-08-02,208296,1.888,1101.72,1108.60,1097.34,1106.62,1276000000,1106.62,46.29,47.83
2004-08-09,205742,1.877,1063.97,1069.46,1063.97,1065.22,1086000000,1065.22,45.24,47.03
2004-08-16,205743,1.875,1064.80,1080.66,1064.80,1079.34,1206200000,1079.34,45.02,47.8
2004-08-23,206552,1.884,1098.35,1101.40,1094.73,1095.68,1021900000,1095.68,45.45,47.08
2004-08-30,204073,1.866,1107.77,1107.77,1099.15,1099.15,843100000,1099.15,45.35,47.99
2004-09-13,199654,1.846,1123.92,1129.78,1123.35,1125.82,1299800000,1125.82,47.53,50.85
2004-09-20,198846,1.866,1128.55,1128.55,1120.34,1122.20,1197600000,1122.20,48.38,52
2004-09-27,199429,1.917,1110.11,1110.11,1103.24,1103.52,1263500000,1103.52,47.65,53.03
2004-10-04,200616,1.938,1131.50,1140.13,1131.50,1135.17,1534000000,1135.17,48.75,53.72
2004-10-11,199883,1.993,1122.14,1126.20,1122.14,1124.39,943800000,1124.39,50,55.41
2004-10-18,201163,2.035,1108.20,1114.46,1103.33,1114.02,1373300000,1114.02,48.8,53.35
2004-10-25,201677,2.032,1095.74,1096.81,1090.29,1094.80,1380500000,1094.80,48.6,53.45
2004-11-01,201270,2.034,1130.20,1133.41,1127.60,1130.51,1395900000,1130.51,49.4,53.06
2004-11-08,200879,2.001,1166.17,1166.77,1162.32,1164.89,1358700000,1164.89,50.35,54.5
2004-11-15,202741,1.969,1184.17,1184.48,1179.85,1183.81,1453300000,1183.81,50.13,54.05
2004-11-22,205741,1.948,1170.34,1178.18,1167.89,1177.24,1392700000,1177.24,50.38,54.1
2004-11-29,208096,1.945,1182.65,1186.94,1172.37,1178.57,1378500000,1178.57,51.68,55
2004-12-06,209616,1.911,1191.17,1192.41,1185.18,1190.25,1354400000,1190.25,50.28,52.65
2004-12-13,211381,1.847,1188.00,1198.74,1188.00,1198.68,1436100000,1198.68,50.45,52.8
2004-12-20,212251,1.815,1194.20,1203.43,1193.36,1194.65,1422800000,1194.65,50.05,51.94
2004-12-27,214327,1.791,1210.13,1214.13,1204.92,1204.92,922000000,1204.92,51.8,52.68
2005-01-03,215333,1.778,1211.92,1217.80,1200.32,1202.08,1510800000,1202.08,51.02,52.46
2005-01-10,216969,1.793,1186.19,1194.78,1184.80,1190.25,1490400000,1190.25,49.86,51.24
2005-01-24,216342,1.853,1167.87,1173.03,1163.75,1163.75,1494600000,1163.75,50.94,52.3
2005-01-31,216757,1.911,1171.36,1182.07,1171.36,1181.27,1679800000,1181.27,51.35,53.73
2005-02-07,221678,1.909,1203.03,1204.15,1199.27,1201.72,1347270000,1201.72,55.12,56.75
2005-02-14,223510,1.898,1205.30,1206.93,1203.59,1206.14,1290180000,1206.14,56.25,57.76
2005-02-28,224282,1.928,1211.37,1211.37,1198.13,1203.60,1795480000,1203.60,63.26,62.23
2005-03-07,221352,1.999,1222.12,1229.11,1222.12,1225.31,1488830000,1225.31,63.58,61.55
2005-03-14,217293,2.056,1200.08,1206.83,1199.51,1206.83,1437430000,1206.83,61.06,58.48
2005-03-21,214358,2.109,1189.65,1189.65,1178.82,1183.78,1819440000,1183.78,62.65,60.6
2005-03-28,212252,2.153,1171.42,1179.91,1171.42,1174.28,1746220000,1174.28,59.04,58.32
2005-04-04,213100,2.217,1172.79,1178.61,1167.72,1176.12,2079770000,1176.12,60.95,58.2
2005-04-11,211636,2.28,1181.20,1184.07,1178.69,1181.21,1525310000,1181.21,59.99,56.7
2005-04-18,211306,2.237,1142.62,1148.92,1139.80,1145.98,2180670000,1145.98,55.45,52.25
2005-04-25,213507,2.236,1152.12,1164.05,1152.12,1162.10,1795030000,1162.10,59.6,54.35
2005-05-02,213694,2.235,1156.85,1162.87,1154.71,1162.16,1980040000,1162.16,57,51.95
2005-05-09,214765,2.186,1171.35,1178.87,1169.38,1178.84,1857020000,1178.84,57.75,53.2
2005-05-16,215374,2.163,1154.05,1165.75,1153.64,1165.69,1856860000,1165.69,53.5,51.28
2005-05-23,216678,2.125,1189.28,1197.44,1188.76,1193.86,1681170000,1193.86,54.38,52.1
2005-06-06,215742,2.116,1196.02,1198.78,1192.75,1197.51,1547120000,1197.51,57.34,55.7
2005-06-13,215939,2.13,1198.11,1206.03,1194.51,1200.82,1661350000,1200.82,58.25,56.3
2005-06-20,216240,2.161,1216.96,1219.10,1210.65,1216.10,1714530000,1216.10,61.1,59.13
2005-06-27,215266,2.215,1191.57,1194.33,1188.30,1190.69,1738620000,1190.69,58.33,56.87
2005-07-11,211322,2.328,1211.86,1220.03,1211.86,1219.44,1846300000,1219.44,59.39,57.36
2005-07-18,209194,2.317,1227.92,1227.92,1221.13,1221.13,1582100000,1221.13,58.02,56.48
2005-07-25,205177,2.289,1233.68,1238.36,1228.15,1229.03,1717580000,1229.03,59.95,57.85
2005-08-01,203091,2.291,1234.18,1239.10,1233.80,1235.35,1716870000,1235.35,59.23,58.11
2005-08-08,198122,2.368,1226.42,1232.28,1222.67,1223.13,1804140000,1223.13,58.65,60.75
2005-08-15,194877,2.55,1230.40,1236.24,1226.20,1233.87,1562880000,1233.87,60.95,62.03
2005-08-22,194369,2.612,1219.71,1228.96,1216.47,1221.73,1621330000,1221.73,59.54,60.4
2005-08-29,190067,2.61,1205.10,1214.28,1201.53,1212.28,1599450000,1212.28,59.24,59.79
2005-09-12,195431,2.955,1241.48,1242.60,1239.15,1240.56,1938050000,1240.56,62.85,63.81
2005-09-19,199831,2.786,1237.91,1237.91,1227.65,1231.02,2076540000,1231.02,64,63.6
2005-09-26,195454,2.803,1215.29,1222.56,1211.84,1215.63,2022220000,1215.63,63.7,63.11
2005-10-03,192803,2.928,1228.81,1233.34,1225.15,1226.70,2097490000,1226.70,63.55,65.25
2005-10-10,195710,2.848,1195.90,1196.52,1186.12,1187.33,2195990000,1187.33,59.6,60.95
2005-10-17,195869,2.725,1186.57,1191.21,1184.48,1190.10,2054570000,1190.10,59.05,59.99
2005-10-24,196904,2.603,1179.59,1199.39,1179.59,1199.38,2197790000,1199.38,55.31,56.31
2005-10-31,201127,2.48,1198.41,1211.43,1198.41,1207.01,2567470000,1207.01,57.03,57.56
2005-11-07,200175,2.376,1220.14,1224.18,1217.29,1222.81,1987580000,1222.81,57.8,58.01
2005-11-14,200413,2.296,1234.72,1237.20,1231.78,1233.76,1899780000,1233.76,56.82,56.95
2005-11-21,199868,2.201,1248.27,1255.89,1246.90,1254.85,2117350000,1254.85,58.51,58.26
2005-11-28,202609,2.154,1268.25,1268.44,1257.17,1257.46,2016900000,1257.46,59.55,58.38
2005-12-05,204375,2.147,1265.08,1265.08,1258.12,1262.09,2325840000,1262.09,59.38,59.47
2005-12-12,204074,2.185,1259.37,1263.86,1255.52,1260.43,1876550000,1260.43,58.81,59.16
2005-12-19,202853,2.211,1267.32,1270.51,1259.28,1259.92,2208810000,1259.92,58.22,57.69
2006-01-09,211635,2.327,1285.45,1290.78,1284.82,1290.15,2301490000,1290.15,59.8,59.49
2006-01-23,219044,2.336,1261.49,1268.19,1261.49,1263.82,2256070000,1263.82,60.53,61.09
2006-01-30,223344,2.357,1283.72,1287.94,1283.51,1285.19,2282730000,1285.19,62.88,60.85
2006-02-06,225459,2.342,1264.03,1267.04,1261.62,1265.02,2132360000,1265.02,61.7,58
2006-02-13,225648,2.284,1266.99,1266.99,1258.34,1262.86,1850080000,1262.86,59.43,56.63
2006-02-27,224765,2.254,1289.43,1297.57,1289.43,1294.12,1975320000,1294.12,60.2,57.65
2006-03-06,223884,2.331,1287.23,1288.23,1275.67,1278.26,2280190000,1278.26,60.95,56.75
2006-03-13,221563,2.366,1281.58,1287.37,1281.58,1284.13,2070330000,1284.13,59.68,54.53
2006-03-20,216226,2.504,1307.25,1310.00,1303.59,1305.08,1976830000,1305.08,60.77,57
2006-03-27,211782,2.498,1302.95,1303.74,1299.09,1301.61,2029700000,1301.61,61.11,57.85
2006-04-03,207927,2.588,1302.88,1309.19,1296.65,1297.81,2494080000,1297.81,61.36,58.35
2006-04-10,202482,2.683,1295.51,1300.74,1293.17,1296.62,1898320000,1296.62,61.9,59.14
2006-04-17,200594,2.783,1289.12,1292.45,1280.74,1285.33,1794650000,1285.33,61.94,59.18
2006-04-24,202708,2.914,1311.28,1311.28,1303.79,1308.11,2117330000,1308.11,64.76,61.57
2006-05-01,205050,2.919,1310.61,1317.21,1303.46,1305.19,2437040000,1305.19,63.4,61.62
2006-05-08,206375,2.909,1325.76,1326.70,1322.87,1324.66,2151300000,1324.66,63.6,62
2006-05-15,208483,2.947,1291.19,1294.81,1284.51,1294.50,2505660000,1294.50,61.51,60.41
2006-05-22,209277,2.892,1267.03,1268.77,1252.98,1262.07,2773010000,1262.07,59.95,58
2006-06-05,213146,2.892,1288.16,1288.16,1264.66,1265.29,2313470000,1265.29,62.1,61.26
2006-06-12,213440,2.906,1252.27,1255.22,1236.43,1237.44,2247010000,1237.44,59.05,57.88
2006-06-19,212350,2.871,1251.54,1255.93,1237.17,1240.13,2517200000,1240.13,58.77,58.72
2006-06-26,213077,2.869,1244.50,1250.92,1243.68,1250.56,1878580000,1250.56,58.1,58.72
2006-07-03,212651,2.934,1270.06,1280.38,1270.06,1280.19,1114470000,1280.19,61.8,62.27
2006-07-10,214194,2.973,1265.46,1274.06,1264.46,1267.34,1854590000,1267.34,63,63.6
2006-07-17,211030,2.989,1236.20,1240.07,1231.49,1234.49,2146410000,1234.49,64.5,65.71
2006-07-24,210868,3.003,1240.25,1262.50,1240.25,1260.91,2312720000,1260.91,64.35,64.65
2006-07-31,207659,3.004,1278.53,1278.66,1274.31,1276.66,2461300000,1276.66,67.43,65.7
2006-08-07,205393,3.038,1279.31,1279.31,1273.00,1275.77,2045660000,1275.77,69,65.92
2006-08-14,205795,3,1266.67,1278.90,1266.67,1268.21,2118020000,1268.21,69.54,67.5
2006-08-21,206162,2.924,1302.30,1302.30,1295.51,1297.52,1759240000,1297.52,69.3,67.42
2006-08-28,206880,2.845,1295.09,1305.02,1293.97,1301.78,1834920000,1301.78,70.05,66.31
2006-09-11,207554,2.618,1298.86,1302.36,1290.93,1299.54,2506430000,1299.54,66.36,63.63
2006-09-18,213899,2.497,1319.85,1324.87,1318.16,1321.18,2325080000,1321.18,64.9,62
2006-09-25,215052,2.378,1314.78,1329.35,1311.58,1326.37,2710240000,1326.37,64.6,61.46
2006-10-02,215397,2.31,1335.82,1338.54,1330.28,1331.32,2154480000,1331.32,67.29,64.9
2006-10-09,210175,2.261,1349.58,1352.69,1346.55,1350.66,1935170000,1350.66,67.76,64.02
2006-10-16,207416,2.226,1365.61,1370.20,1364.48,1369.06,2305920000,1369.06,68.45,64.41
2006-10-23,204617,2.208,1368.58,1377.40,1363.94,1377.02,2480430000,1377.02,68.85,64.94
2006-10-30,204033,2.218,1377.30,1381.22,1373.46,1377.93,2770440000,1377.93,71.15,67.21
2006-11-06,200252,2.2,1364.27,1381.40,1364.27,1379.78,2533550000,1379.78,72.16,69.05
2006-11-13,201658,2.232,1380.58,1387.61,1378.80,1384.42,2386340000,1384.42,74.1,69.54
2006-11-20,201069,2.239,1401.17,1404.37,1397.85,1400.50,2546710000,1400.50,72.55,68.84
2006-11-27,200031,2.246,1400.95,1400.95,1381.44,1381.96,2711210000,1381.96,72.29,69.29
2006-12-04,199857,2.297,1396.67,1411.23,1396.67,1409.12,2766320000,1409.12,77.2,73.11
2006-12-11,200915,2.293,1409.81,1415.60,1408.56,1413.04,2289900000,1413.04,75.25,72.83
2006-12-18,203853,2.32,1427.08,1431.81,1420.65,1422.48,2568140000,1422.48,77.26,75.1
2007-01-08,216786,2.306,1409.26,1414.98,1403.97,1412.84,2763340000,1412.84,73.88,71.06
2007-01-22,224614,2.165,1430.47,1431.39,1420.40,1422.95,2540120000,1422.95,73.65,72.51
2007-01-29,227214,2.165,1422.03,1426.94,1418.46,1420.62,2730480000,1420.62,73.65,71.51
2007-02-05,225156,2.191,1448.33,1449.38,1443.85,1446.99,2439430000,1446.99,75.65,74.05
2007-02-12,222115,2.241,1438.00,1439.11,1431.44,1433.37,2395680000,1433.37,74.93,73.1
2007-02-26,216425,2.383,1451.04,1456.95,1445.48,1449.37,2822170000,1449.37,75.52,71.42
2007-03-05,213939,2.505,1387.11,1391.86,1373.97,1374.12,3480520000,1374.12,69.35,66.2
2007-03-12,210489,2.559,1402.80,1409.34,1398.40,1406.60,2664000000,1406.60,70.8,68.47
2007-03-19,210231,2.577,1386.95,1403.20,1386.95,1402.06,2777180000,1402.06,70.12,68.58
2007-03-26,205201,2.61,1436.11,1437.65,1423.28,1437.50,2754660000,1437.50,75.44,74.14
2007-04-02,199725,2.707,1420.83,1425.49,1416.37,1424.55,2875880000,1424.55,75.35,74.05
2007-04-09,197007,2.802,1443.77,1448.10,1443.28,1444.61,2349410000,1444.61,76.77,75.32
2007-04-16,194214,2.876,1452.84,1468.62,1452.84,1468.33,2870140000,1468.33,77.64,77.25
2007-04-23,193099,2.869,1484.33,1487.32,1480.19,1480.93,2575020000,1480.93,79.5,78.06
2007-04-30,193471,2.971,1494.07,1497.16,1482.29,1482.37,3093420000,1482.37,80.3,78.09
2007-05-07,195235,3.054,1505.57,1511.00,1505.54,1509.48,2545090000,1509.48,80.5,78.63
2007-05-14,196666,3.103,1505.76,1510.90,1498.34,1503.15,2776130000,1503.15,81.21,80
2007-05-21,198027,3.218,1522.75,1529.87,1522.71,1525.10,3465360000,1525.10,83.42,83.11
2007-06-04,201540,3.157,1536.28,1540.53,1532.31,1539.18,2738930000,1539.18,83.96,82.2
2007-06-11,203331,3.076,1507.64,1515.53,1503.35,1509.12,2525280000,1509.12,82.68,80.66
2007-06-18,202582,3.009,1532.90,1535.44,1529.31,1531.05,2480240000,1531.05,86.09,83.27
2007-06-25,204433,2.982,1502.56,1514.29,1492.68,1497.74,3287250000,1497.74,82.4,81.56
2007-07-02,205576,2.959,1504.66,1519.45,1504.66,1519.43,2648990000,1519.43,84.5,84.7
2007-07-09,203341,2.981,1530.43,1534.26,1527.45,1531.85,2715330000,1531.85,86.53,87.55
2007-07-16,204134,3.049,1552.50,1555.90,1546.69,1549.52,2704110000,1549.52,89.33,93.5
2007-07-23,204720,2.958,1534.06,1547.23,1534.06,1541.57,3102700000,1541.57,91.93,92.17
2007-07-30,202997,2.876,1458.93,1477.88,1454.32,1473.91,4128780000,1473.91,86,85.85
2007-08-06,201940,2.838,1433.04,1467.67,1427.39,1467.67,5067200000,1467.67,81.95,81.19
2007-08-13,196231,2.771,1453.42,1466.29,1451.54,1452.92,3696280000,1452.92,85.24,84.1
2007-08-20,192564,2.785,1445.94,1451.75,1430.54,1445.55,3321340000,1445.55,83.85,84
2007-08-27,191083,2.749,1479.36,1479.36,1465.98,1466.79,2406180000,1466.79,85.11,86.63
2007-09-10,190834,2.818,1453.50,1462.25,1439.29,1451.70,2835720000,1451.70,85.67,87.56
2007-09-17,191366,2.787,1484.24,1484.24,1471.82,1476.65,2598390000,1476.65,88.5,90.01
2007-09-24,191325,2.812,1525.75,1530.18,1516.15,1517.73,3131310000,1517.73,92.08,95
2007-10-01,193000,2.788,1527.29,1549.02,1527.25,1547.04,3281990000,1547.04,92.45,93.3
2007-10-08,195768,2.77,1556.51,1556.51,1549.00,1552.58,2040650000,1552.58,90.6,91.55
2007-10-15,193837,2.762,1562.25,1564.74,1540.81,1548.71,3139290000,1548.71,94.15,92.27
2007-10-22,195132,2.823,1497.79,1508.06,1490.40,1506.33,3471830000,1506.33,91.17,88.16
2007-10-29,194313,2.872,1536.92,1544.67,1536.43,1540.98,3124480000,1540.98,92.36,91.86
2007-11-05,195027,3.013,1505.61,1510.84,1489.95,1502.17,3819330000,1502.17,87.02,87.47
2007-11-12,195190,3.111,1453.66,1464.94,1438.53,1439.18,4192520000,1439.18,86.24,87
2007-11-19,196628,3.099,1456.70,1456.70,1430.42,1433.27,4119650000,1433.27,84.63,85.98
2007-11-26,200623,3.097,1440.74,1446.09,1406.10,1407.22,3706470000,1407.22,88.12,86.85
2007-12-03,202241,3.061,1479.63,1481.16,1470.08,1472.42,3323250000,1472.42,88.97,87.1
2007-12-10,205221,3,1505.11,1518.27,1504.96,1515.96,2911760000,1515.96,91.75,91.23
2007-12-17,205857,2.998,1465.05,1465.05,1445.43,1445.90,3569030000,1445.90,90.65,91.7
2007-12-24,207842,2.98,1484.55,1497.63,1484.55,1496.45,1267420000,1496.45,93.51,93.63
2007-12-31,213063,3.053,1475.25,1475.83,1465.13,1468.36,2440880000,1468.36,94.61,94.37
2008-01-07,215256,3.109,1414.07,1423.87,1403.45,1416.18,4221260000,1416.18,92.5,93.74
2008-01-14,220341,3.068,1402.91,1417.89,1402.91,1416.25,3682090000,1416.25,90.84,91.22
2008-01-28,227487,2.977,1330.70,1353.97,1322.26,1353.96,4100930000,1353.96,83.5,81.13
2008-02-04,229236,2.978,1395.38,1395.38,1379.69,1380.82,3495780000,1380.82,86.04,82.51
2008-02-11,230264,2.96,1331.92,1341.40,1320.32,1339.13,3593140000,1339.13,81.85,80.22
2008-02-25,234276,3.13,1352.75,1374.36,1346.03,1371.80,3866350000,1371.80,87.17,85.54
2008-03-03,235967,3.162,1330.45,1335.13,1320.04,1331.34,4117570000,1331.34,86.83,86.38
2008-03-10,232520,3.225,1293.16,1295.01,1272.66,1273.37,4261240000,1273.37,82.75,85.55
2008-03-17,229235,3.284,1283.21,1287.50,1256.98,1276.60,5683010000,1276.60,83.88,83.47
2008-03-24,224710,3.259,1330.29,1359.68,1330.29,1349.88,4499000000,1349.88,85.17,83.38
2008-03-31,221268,3.29,1315.92,1328.52,1312.81,1322.70,4188990000,1322.70,85.69,84.95
2008-04-07,215751,3.332,1373.69,1386.74,1369.02,1372.54,3747780000,1372.54,89.32,88.65
2008-04-14,212572,3.389,1332.20,1335.64,1326.16,1328.32,3565020000,1328.32,88.74,88.8
2008-04-21,211089,3.508,1387.72,1390.23,1379.25,1388.17,3420570000,1388.17,94,93.15
2008-04-28,211883,3.603,1397.96,1402.90,1394.40,1396.37,3607000000,1396.37,92.57,92.8
2008-05-05,210168,3.613,1415.34,1415.34,1404.37,1407.49,3410090000,1407.49,89.7,95.33
2008-05-12,209413,3.722,1389.40,1404.06,1386.20,1403.58,3370630000,1403.58,88.43,97.2
2008-05-19,206155,3.791,1425.28,1440.24,1421.63,1426.63,3683970000,1426.63,92.91,100.62
2008-06-02,210088,3.976,1399.62,1399.62,1377.79,1385.67,3714320000,1385.67,88.09,98.82
2008-06-09,208910,4.039,1360.83,1370.63,1350.62,1361.76,4404570000,1361.76,87.61,99.95
2008-06-16,208757,4.082,1358.85,1364.70,1352.07,1360.14,3706940000,1360.14,88.49,99.51
2008-06-23,210857,4.079,1319.77,1323.78,1315.31,1318.00,4186370000,1318.00,85.1,96.03
2008-06-30,211766,4.095,1278.06,1290.31,1274.86,1280.00,5032330000,1280.00,86.81,98.3
2008-07-07,214238,4.114,1262.90,1273.95,1240.68,1252.31,5265420000,1252.31,87.86,98.11
2008-07-14,217085,4.113,1241.61,1253.50,1225.01,1228.30,5434860000,1228.30,86,92.61
2008-07-21,213560,4.064,1261.82,1267.74,1255.70,1260.00,4630640000,1260.00,81.84,86.57
2008-07-28,209216,3.955,1257.76,1260.09,1234.37,1234.37,4282960000,1234.37,81.87,82.86
2008-08-04,202822,3.88,1253.27,1260.49,1247.45,1249.01,4562280000,1249.01,79.63,84.06
2008-08-11,196620,3.809,1294.42,1313.15,1291.41,1305.32,5067310000,1305.32,78.52,84.6
2008-08-18,195441,3.74,1298.14,1300.22,1274.51,1278.60,3829290000,1278.60,77.46,84.69
2008-08-25,194404,3.685,1290.47,1290.47,1264.87,1266.84,3420600000,1266.84,80.27,88.58
2008-09-08,184634,3.648,1249.50,1274.42,1247.12,1267.79,7351340000,1267.79,76.76,81.34
2008-09-15,178739,3.835,1250.92,1250.92,1192.70,1192.70,8279510000,1192.70,74.94,81.16
2008-09-22,179640,3.718,1255.37,1255.37,1205.61,1207.09,5368130000,1207.09,80.2,88.22
2008-09-29,186815,3.632,1209.07,1209.07,1106.42,1106.42,7305060000,1106.42,78.92,85.02
2008-10-06,193788,3.484,1097.56,1097.56,1007.97,1056.89,7956020000,1056.89,75.65,77.64
2008-10-13,196497,3.151,912.75,1006.93,912.75,1003.35,7263370000,1003.35,64.9,60.17
2008-10-20,194990,2.914,943.51,985.40,943.51,985.40,5175640000,985.40,70.37,64.1
2008-10-27,196113,2.656,874.28,893.78,846.75,848.92,5558050000,848.92,67.58,62.58
2008-11-03,198095,2.4,968.67,975.57,958.82,966.30,4492280000,966.30,73.45,73.44
2008-11-10,198634,2.224,936.75,951.95,907.47,919.21,4572000000,919.21,75.1,75.22
2008-11-17,200476,2.072,873.23,882.29,848.98,850.75,4927490000,850.75,73.5,72.1
2008-11-24,198942,1.892,801.20,865.60,801.20,851.81,7879440000,851.81,76.82,71.66
2008-12-01,202664,1.811,888.61,888.61,815.69,816.21,6052010000,816.21,77.89,76.5
2008-12-08,203959,1.699,882.71,918.57,882.71,909.70,6553600000,909.70,78.59,76.03
2008-12-15,207295,1.659,881.07,884.63,857.72,868.57,4982390000,868.57,81.32,80.19
2008-12-22,208103,1.653,887.20,887.37,857.09,871.63,4869850000,871.63,75.21,71.6
2008-12-29,211437,1.613,872.37,873.70,857.07,869.42,3323430000,869.42,78.28,71.25
2009-01-05,213505,1.684,929.17,936.63,919.53,927.45,5413910000,927.45,81.27,76.16
2009-01-12,219980,1.784,890.40,890.40,864.32,870.26,4725050000,870.26,76.54,72.23
2009-01-26,220221,1.838,832.50,852.53,827.69,836.57,6039940000,836.57,78.67,71.43
2009-02-02,217559,1.892,823.09,830.78,812.87,825.44,5673270000,825.44,76.06,69.52
2009-02-09,218664,1.926,868.24,875.01,861.65,869.89,5574370000,869.89,80.39,74.41
2009-02-23,215510,1.909,773.25,777.85,742.37,743.33,6509300000,743.33,72.25,65.99
2009-03-02,212517,1.934,729.57,729.57,699.70,700.82,7868290000,700.82,67,59.37
2009-03-09,215712,1.941,680.76,695.27,672.88,676.53,7277320000,676.53,62.88,57.63
2009-03-16,214568,1.91,758.84,774.53,753.37,753.89,7883540000,753.89,67.04,61.66
2009-03-23,216793,1.962,772.31,823.37,772.31,822.92,7715770000,822.92,66.99,65.91
2009-03-30,217449,2.046,809.07,809.07,779.81,787.53,5912660000,787.53,68.54,67.54
2009-04-06,216505,2.037,839.75,839.75,822.79,835.48,6210000000,835.48,69.66,69.74
2009-04-13,217307,2.051,855.33,864.31,845.35,858.73,6434890000,858.73,68.64,67.45
2009-04-20,212612,2.059,868.27,868.27,832.39,832.39,6973960000,832.39,66.02,65.3
2009-04-27,212445,2.049,862.82,868.83,854.65,857.51,5613460000,857.51,65.29,65.32
2009-05-04,208291,2.078,879.21,907.85,879.21,907.24,7038840000,907.24,68.5,67.34
2009-05-11,203954,2.24,922.99,922.99,908.68,909.24,6150600000,909.24,69.48,69.29
2009-05-18,203417,2.309,886.07,910.00,886.07,909.71,5702150000,909.71,69.74,66.64
2009-06-01,201649,2.524,923.26,947.77,923.26,942.87,6370440000,942.87,70.46,67.8
2009-06-08,205034,2.624,938.12,946.33,926.44,939.14,4483430000,939.14,72.48,69
2009-06-15,208905,2.672,942.45,942.45,919.65,923.72,4697880000,923.72,72.64,71.96
2009-06-22,211238,2.691,918.13,918.13,893.04,893.04,4903940000,893.04,70.1,67.08
2009-06-29,213140,2.642,919.86,927.99,916.18,927.23,4211760000,927.23,69.45,66.41
2009-07-06,214578,2.612,894.27,898.72,886.36,898.72,4712580000,898.72,67.67,63.69
2009-07-13,215391,2.528,879.57,901.05,875.32,901.05,4499440000,901.05,65.17,61.46
2009-07-20,213076,2.463,942.07,951.62,940.99,951.13,4853150000,951.13,69.11,65.69
2009-07-27,212858,2.503,978.63,982.49,972.29,982.18,4631290000,982.18,72.41,68.62
2009-08-03,211931,2.557,990.22,1003.61,990.22,1002.63,5603440000,1002.63,70.96,70.26
2009-08-10,209754,2.647,1008.89,1010.12,1000.99,1007.10,5406080000,1007.10,69.12,69.28
2009-08-17,208054,2.637,998.18,998.18,978.51,979.73,4088570000,979.73,67.37,66.65
2009-08-24,205085,2.628,1026.59,1035.82,1022.48,1025.57,6302450000,1025.57,70.04,70.1
2009-08-31,207153,2.613,1025.21,1025.21,1014.62,1020.62,5004560000,1020.62,69.45,69.99
2009-09-14,213109,2.577,1040.15,1049.74,1035.00,1049.34,4979610000,1049.34,69.11,69.94
2009-09-21,211452,2.552,1067.14,1067.28,1057.46,1064.66,4615280000,1064.66,69.15,71.59
2009-09-28,214389,2.499,1045.38,1065.13,1045.38,1062.98,3726950000,1062.98,68.81,70.79
2009-10-05,209159,2.468,1026.87,1042.58,1025.92,1040.46,4313310000,1040.46,66.79,68.27
2009-10-12,206945,2.489,1071.63,1079.46,1071.63,1076.19,3710430000,1076.19,69.51,73.19
2009-10-19,208564,2.574,1088.22,1100.17,1086.48,1097.91,4619240000,1097.91,73.15,76.94
2009-10-26,208277,2.674,1080.36,1091.75,1065.23,1066.95,6363380000,1066.95,73.81,76.96
2009-11-02,210837,2.694,1036.18,1052.18,1029.38,1042.88,6202640000,1042.88,72.05,76.86
2009-11-09,209082,2.666,1072.31,1093.19,1072.31,1093.08,4460030000,1093.08,72.96,78.29
2009-11-16,210085,2.629,1094.13,1113.69,1094.13,1109.30,4565850000,1109.30,73.65,78.11
2009-11-23,214081,2.639,1094.86,1112.38,1094.86,1106.24,3827920000,1106.24,75.44,78.31
2009-11-30,216334,2.629,1091.07,1097.24,1086.25,1095.63,3895520000,1095.63,74.49,77.85
2009-12-07,217213,2.634,1105.52,1110.72,1100.83,1103.25,4103360000,1103.25,73.95,77.92
2009-12-14,216330,2.599,1107.84,1114.76,1107.84,1114.11,4548490000,1114.11,70.8,78.45
2009-12-21,215964,2.589,1105.31,1117.68,1105.31,1114.05,3977340000,1114.05,68.47,77.6
2009-12-28,219701,2.607,1127.53,1130.38,1123.51,1127.78,2716400000,1127.78,69.08,77.78
2010-01-04,223492,2.665,1116.56,1133.87,1116.56,1132.99,3991400000,1132.99,68.72,78.2
2010-01-11,227442,2.751,1145.96,1149.74,1142.02,1146.98,4255780000,1146.98,69.94,80.17
2010-01-25,228121,2.705,1092.40,1102.97,1092.40,1096.78,4481390000,1096.78,66.55,75.15
2010-02-01,230445,2.661,1073.89,1089.38,1073.89,1089.19,4077610000,1089.19,65.77,72.7
2010-02-08,232065,2.652,1065.51,1071.20,1056.51,1056.74,4089820000,1056.74,64.91,71.24
2010-02-22,231943,2.655,1110.00,1112.29,1105.38,1108.01,3814440000,1108.01,66.1,74.17
2010-03-01,228984,2.702,1105.36,1116.11,1105.36,1115.71,3847640000,1115.71,65.36,72.63
2010-03-08,227274,2.751,1138.40,1141.05,1136.77,1138.50,3774680000,1138.50,66.77,74.49
2010-03-15,224559,2.788,1148.53,1150.98,1141.45,1150.51,4164110000,1150.51,66.67,73.51
2010-03-22,224872,2.819,1157.25,1167.82,1152.88,1165.81,4261680000,1165.81,66.49,74.17
2010-03-29,222374,2.798,1167.71,1174.85,1167.71,1173.22,4375580000,1173.22,66.66,74.61
2010-04-05,221338,2.826,1178.71,1187.73,1178.71,1187.44,3881620000,1187.44,67.84,76.97
2010-04-12,224925,2.858,1194.94,1199.20,1194.71,1196.48,4607090000,1196.48,68.8,79.5
2010-04-19,223685,2.86,1192.06,1197.87,1183.68,1197.52,6597740000,1197.52,67.75,80.25
2010-04-26,224942,2.849,1217.07,1219.80,1211.07,1212.05,5647760000,1212.05,69.03,82.52
2010-05-03,222128,2.898,1188.58,1205.13,1188.58,1202.26,4938050000,1202.26,68.11,81.96
2010-05-10,221834,2.905,1122.27,1163.85,1122.27,1159.73,6893700000,1159.73,65.42,79.37
2010-05-17,221631,2.864,1136.52,1141.88,1114.96,1136.94,5922920000,1136.94,63.74,77.39
2010-05-24,218984,2.786,1084.78,1089.95,1072.70,1073.65,5224040000,1073.65,60.74,74.22
2010-06-07,218340,2.725,1065.84,1071.36,1049.86,1050.47,5467560000,1050.47,59.98,71.66
2010-06-14,217578,2.701,1095.00,1105.91,1089.03,1089.63,4425830000,1089.63,62.06,74.23
2010-06-21,218115,2.743,1122.79,1131.23,1108.24,1113.20,4514360000,1113.20,64.1,76.81
2010-06-28,219435,2.757,1077.50,1082.60,1071.45,1074.57,3896410000,1074.57,59.31,70.56
2010-07-12,222154,2.718,1077.23,1080.78,1070.45,1078.75,3426990000,1078.75,58.29,71.53
2010-07-19,222245,2.722,1066.85,1074.70,1061.11,1071.25,4089500000,1071.25,58.33,71.84
2010-07-26,222974,2.749,1102.89,1115.01,1101.30,1115.01,4009650000,1115.01,59.7,73.82
2010-08-02,223383,2.735,1107.53,1127.30,1107.53,1125.86,4144180000,1125.86,60.64,77.62
2010-08-09,223344,2.783,1122.80,1129.24,1120.91,1127.79,3979360000,1127.79,62.56,79.3
2010-08-16,225617,2.745,1077.49,1082.62,1069.49,1079.38,3142450000,1079.38,59.6,77.11
2010-08-23,225405,2.704,1073.36,1081.58,1067.08,1067.36,3210950000,1067.36,58.97,75.34
2010-08-30,225162,2.682,1062.90,1064.40,1048.79,1048.92,2917990000,1048.92,59.56,74.63
2010-09-13,226058,2.721,1113.38,1123.87,1113.38,1121.90,4521050000,1121.90,61.39,79.37
2010-09-20,222589,2.723,1126.57,1144.86,1126.57,1142.71,3364080000,1142.71,61.04,78.54
2010-09-27,219943,2.694,1148.64,1149.92,1142.00,1142.16,3587860000,1142.16,61.99,80.3
2010-10-04,218174,2.732,1144.96,1148.16,1131.87,1137.03,3604110000,1137.03,62.52,81.89
2010-10-11,219329,2.819,1165.32,1168.68,1162.02,1165.32,2505900000,1165.32,64.36,83.85
2010-10-18,214942,2.834,1176.83,1185.53,1174.55,1184.71,4450050000,1184.71,65.19,83.48
2010-10-25,212253,2.817,1184.74,1196.14,1184.74,1185.62,4221380000,1185.62,66.68,85.13
2010-11-01,210336,2.806,1185.71,1195.81,1177.65,1184.38,4129180000,1184.38,66.72,83.15
2010-11-08,207679,2.865,1223.24,1224.57,1217.55,1223.25,3937230000,1223.25,69.49,84.62
2010-11-15,209592,2.892,1200.44,1207.43,1197.15,1197.75,3503370000,1197.75,71.01,85.74
2010-11-22,210153,2.876,1198.07,1198.94,1184.58,1197.84,3689500000,1197.84,70.1,83.47
2010-11-29,213964,2.856,1189.08,1190.34,1173.64,1187.76,3673450000,1187.76,68.86,81.3
2010-12-06,214773,2.958,1223.87,1225.80,1220.67,1223.12,3527370000,1223.12,71.2,84.79
2010-12-13,217173,2.98,1242.52,1246.73,1240.34,1240.46,4361240000,1240.46,72.41,87.72
2010-12-20,214857,2.982,1245.76,1250.20,1241.51,1247.08,3548140000,1247.08,72.24,88.96
2010-12-27,218146,3.052,1254.66,1258.43,1251.48,1257.54,1992470000,1257.54,72.81,90.49
2011-01-03,223227,3.07,1257.62,1276.17,1257.62,1271.87,4286670000,1271.87,73.72,91.66
2011-01-10,227670,3.089,1270.84,1271.52,1262.18,1269.75,4036450000,1269.75,75.13,90.95
2011-01-24,236228,3.11,1283.29,1291.93,1282.47,1290.84,3902470000,1290.84,78.85,93.89
2011-01-31,240891,3.101,1276.50,1287.17,1276.50,1286.12,4167160000,1286.12,79.92,93.85
2011-02-07,241096,3.132,1311.85,1322.85,1311.85,1319.05,3902270000,1319.05,83.45,97.28
2011-02-14,238298,3.14,1328.73,1332.96,1326.90,1332.32,3567040000,1332.32,82.07,95.5
2011-02-28,229214,3.383,1321.61,1329.38,1320.55,1327.22,1252850000,1327.22,85.87,102.28
2011-03-07,225040,3.52,1322.72,1327.68,1303.99,1310.13,3964730000,1310.13,85.84,104.12
2011-03-14,219720,3.567,1301.19,1301.19,1286.37,1296.39,4050370000,1296.39,81.67,99.16
2011-03-21,217036,3.562,1281.65,1300.58,1281.65,1298.38,4223730000,1298.38,81.87,103.86
2011-03-28,216679,3.596,1315.45,1319.74,1310.19,1310.19,3215170000,1310.19,83.86,106.4
2011-04-04,209679,3.684,1333.56,1336.74,1329.10,1332.87,4223740000,1332.87,84.26,108.52
2011-04-11,208096,3.791,1329.01,1333.77,1321.06,1324.46,3478970000,1324.46,85.95,109.74
2011-04-18,205588,3.844,1313.35,1313.35,1294.70,1305.14,4223740000,1305.14,83.11,104.95
2011-04-25,204542,3.879,1337.14,1337.55,1331.47,1335.25,2142130000,1335.25,86.29,107.37
2011-05-02,205817,3.963,1365.21,1370.58,1358.59,1361.22,3846250000,1361.22,88.1,109.48
2011-05-09,205936,3.965,1340.20,1349.44,1338.64,1346.29,4265250000,1346.29,83.01,103.25
2011-05-16,209730,3.96,1334.77,1343.33,1327.32,1329.47,3846250000,1329.47,80.22,102.03
2011-05-23,212283,3.849,1333.07,1333.07,1312.88,1317.37,3255580000,1317.37,80.22,101.13
2011-06-06,215065,3.781,1300.26,1300.26,1284.72,1286.17,3555980000,1286.17,80.93,100.9
2011-06-13,214601,3.713,1271.31,1277.04,1265.64,1271.83,4132520000,1271.83,80,100.04
2011-06-20,213173,3.652,1271.50,1280.42,1267.56,1278.36,3464660000,1278.36,78.65,98.88
2011-06-27,212539,3.574,1268.44,1284.91,1267.53,1280.10,3479070000,1280.10,76.88,97.94
2011-07-11,212456,3.641,1343.31,1343.31,1316.42,1319.49,3879130000,1319.49,81.3,104.43
2011-07-18,213478,3.682,1315.94,1315.94,1295.92,1305.44,4118160000,1305.44,82.29,105.58
2011-07-25,215179,3.699,1344.32,1344.32,1331.09,1337.43,3536890000,1337.43,84.2,107.55
2011-08-01,213591,3.711,1292.59,1307.38,1274.73,1286.94,4967390000,1286.94,80.82,106.08
2011-08-08,210081,3.674,1198.48,1198.48,1119.28,1119.46,2615150000,1119.46,72.74,94.28
2011-08-15,211436,3.604,1178.86,1204.49,1178.86,1204.49,4272850000,1204.49,73.04,97
2011-08-22,208641,3.581,1123.55,1145.49,1121.09,1123.82,5436260000,1123.82,72.15,96.55
2011-08-29,208840,3.627,1177.91,1210.28,1177.91,1210.08,4228070000,1210.08,73.33,98.28
2011-09-12,214075,3.661,1153.50,1162.52,1136.07,1162.27,5168550000,1162.27,70.34,93.94
2011-09-19,214866,3.601,1214.99,1214.99,1188.36,1204.09,4254190000,1204.09,72.91,97.19
2011-09-26,213729,3.509,1136.91,1164.19,1131.07,1162.95,4762830000,1162.95,70.01,90.65
2011-10-03,209595,3.433,1131.21,1138.99,1098.92,1099.23,5670340000,1099.23,72.05,91.93
2011-10-10,206271,3.417,1158.15,1194.91,1158.15,1194.89,4446800000,1194.89,74.73,96.13
2011-10-17,204918,3.476,1224.47,1224.47,1198.55,1200.86,4300700000,1200.86,77.87,99.91
2011-10-24,206274,3.462,1238.72,1256.55,1238.72,1254.19,4309380000,1254.19,79.92,105.5
2011-10-31,204167,3.452,1284.96,1284.96,1253.16,1253.30,4310210000,1253.30,80.59,107.72
2011-11-07,205159,3.424,1253.21,1261.70,1240.75,1261.12,3429740000,1261.12,78.82,106.65
2011-11-14,209634,3.436,1263.85,1263.85,1246.68,1251.78,3219680000,1251.78,79.53,106.2
2011-11-21,209847,3.368,1215.62,1215.62,1183.16,1192.98,4050070000,1192.98,76.53,96.92
2011-11-28,214994,3.307,1158.67,1197.35,1158.67,1192.55,3920750000,1192.55,75.84,96.03
2011-12-05,218818,3.29,1244.33,1266.73,1244.33,1257.08,4148060000,1257.08,80.88,103.58
2011-12-12,218406,3.286,1255.05,1255.05,1227.25,1236.47,3600570000,1236.47,80.73,104.02
2011-12-19,217714,3.229,1219.74,1224.57,1202.37,1205.35,3659820000,1205.35,80.24,101.16
2012-01-09,227520,3.382,1277.83,1281.99,1274.55,1280.70,3371600000,1280.70,85,108.24
2012-01-23,230147,3.389,1315.29,1322.28,1309.89,1316.00,3770910000,1316.00,87.5,106.99
2012-01-30,231776,3.439,1316.16,1316.16,1300.49,1313.01,3659010000,1313.01,85.27,103.4
2012-02-06,232176,3.482,1344.32,1344.36,1337.52,1344.33,3379700000,1344.33,84.87,104.62
2012-02-13,231527,3.523,1343.06,1353.35,1343.06,1351.77,3618040000,1351.77,84.34,106.16
2012-02-27,229531,3.721,1365.20,1371.94,1354.92,1367.59,3648890000,1367.59,87.15,108.29
2012-03-05,228121,3.793,1369.59,1369.59,1359.13,1364.33,3429480000,1364.33,86.17,109.14
2012-03-12,226907,3.829,1370.78,1373.04,1366.69,1371.09,3081870000,1371.09,84.5,109.65
2012-03-19,223370,3.867,1404.17,1414.00,1402.43,1409.75,3932570000,1409.75,86.08,110.52
2012-03-26,221913,3.918,1397.11,1416.58,1397.11,1416.51,3576950000,1416.51,86.18,107.23
2012-04-02,217636,3.941,1408.47,1422.38,1404.46,1419.04,3572010000,1419.04,86.6,106.85
2012-04-09,213965,3.939,1397.45,1397.45,1378.24,1382.20,3468980000,1382.20,83.98,103.3
2012-04-16,211730,3.922,1370.27,1379.66,1365.38,1369.57,3574780000,1369.57,83.24,101.62
2012-04-23,209721,3.87,1378.53,1378.53,1358.79,1366.94,3654860000,1366.94,84.53,101.19
2012-04-30,207108,3.83,1403.26,1403.26,1394.00,1397.91,3574010000,1397.91,85.96,106.16
2012-05-07,204311,3.79,1368.79,1373.91,1363.94,1369.58,3559390000,1369.58,84.29,103.08
2012-05-14,201012,3.754,1351.93,1351.93,1336.61,1338.35,3688120000,1338.35,82.27,101.74
2012-05-21,200179,3.715,1295.73,1316.39,1295.73,1315.99,3786750000,1315.99,81.42,98.81
2012-06-04,201801,3.613,1278.29,1282.55,1266.74,1278.18,4011960000,1278.18,78.09,96.48
2012-06-11,202744,3.572,1325.72,1335.52,1307.73,1308.93,3537530000,1308.93,81.62,101.99
2012-06-18,204822,3.533,1342.42,1348.22,1334.46,1344.78,3259430000,1344.78,82.51,103.14
2012-06-25,204973,3.437,1334.90,1334.90,1309.27,1313.72,3501820000,1313.72,81.22,99.34
2012-07-02,207725,3.356,1362.33,1366.35,1355.70,1365.51,3301650000,1365.51,85.44,105.59
2012-07-09,205910,3.411,1354.66,1354.87,1346.65,1352.46,2904860000,1352.46,84.52,104.97
2012-07-16,210044,3.427,1356.50,1357.26,1348.51,1353.64,2862720000,1353.64,84.83,105.71
2012-07-23,207870,3.494,1362.34,1362.34,1337.56,1350.52,3717180000,1350.52,84.8,107.25
2012-07-30,206069,3.508,1385.94,1391.74,1381.37,1385.30,3212060000,1385.30,87.28,108.87
2012-08-06,203698,3.645,1391.04,1399.63,1391.04,1394.23,3122050000,1394.23,87.55,110.75
2012-08-13,202736,3.721,1405.87,1405.87,1397.32,1404.11,2499990000,1404.11,88.1,113.32
2012-08-20,201227,3.744,1417.85,1418.13,1412.12,1418.13,2766320000,1418.13,88.07,112.69
2012-08-27,198893,3.776,1411.13,1416.17,1409.11,1410.44,2472500000,1410.44,88.07,112.18
2012-09-10,196309,3.847,1437.92,1438.74,1428.98,1429.08,3223670000,1429.08,89.82,114.2
2012-09-17,195828,3.878,1465.42,1465.63,1457.55,1461.19,3482430000,1461.19,91.92,117.17
2012-09-24,195942,3.826,1459.76,1460.72,1452.06,1456.89,3008920000,1456.89,91.31,117.55
2012-10-01,195408,3.804,1440.90,1457.14,1440.90,1444.49,3505080000,1444.49,91.79,116.92
2012-10-08,197128,3.85,1460.93,1460.93,1453.10,1455.88,2328720000,1455.88,92.15,117.19
2012-10-15,198567,3.819,1428.75,1441.31,1427.24,1440.13,3483810000,1440.13,91.35,112.16
2012-10-22,199502,3.687,1433.21,1435.46,1422.06,1433.82,3216220000,1433.82,91.67,113.61
2012-11-05,201937,3.492,1414.02,1419.90,1408.13,1417.26,2921040000,1417.26,90.04,107.74
2012-11-12,200390,3.449,1379.86,1384.87,1377.19,1380.03,2567540000,1380.03,87.27,106.45
2012-11-19,204255,3.429,1359.88,1386.89,1359.88,1386.89,3374800000,1386.89,87.4,103.67
2012-11-26,212115,3.437,1409.15,1409.15,1397.68,1406.29,2948960000,1406.29,88.32,104.75
2012-12-03,217115,3.394,1416.34,1423.73,1408.46,1409.46,3074280000,1409.46,88.55,106
2012-12-10,219322,3.349,1418.07,1421.64,1415.64,1418.55,2999430000,1418.55,88.58,107.1
2012-12-17,223104,3.254,1413.54,1430.67,1413.54,1430.36,3455610000,1430.36,88.36,107.97
2012-12-24,225673,3.257,1430.15,1430.15,1424.66,1426.66,1248960000,1426.66,87.13,109.3
2012-12-31,233085,3.298,1402.43,1426.74,1398.11,1426.19,3204330000,1426.19,85.04,105.75
2013-01-07,234995,3.299,1466.47,1466.47,1456.62,1461.89,3304970000,1461.89,88.31,110.02
2013-01-14,233257,3.303,1472.05,1472.05,1465.69,1470.68,3003010000,1470.68,89.46,111.38
2013-01-28,234039,3.357,1502.96,1503.23,1496.33,1500.18,3388540000,1500.18,91.67,116.56
2013-02-04,233236,3.538,1513.17,1513.17,1495.02,1495.71,3390000000,1495.71,89.41,115.02
2013-02-11,230352,3.611,1517.93,1518.31,1513.61,1517.01,2684100000,1517.01,88.35,115.68
2013-02-25,227879,3.784,1515.60,1525.84,1487.85,1487.85,4011050000,1487.85,89.88,116.5
2013-03-04,224308,3.759,1518.20,1525.27,1512.29,1525.20,3414430000,1525.20,89.13,116.78
2013-03-11,222832,3.71,1551.15,1556.27,1547.36,1556.22,3091080000,1556.22,89.01,118.63
2013-03-18,221236,3.696,1560.70,1560.70,1545.13,1552.10,3164560000,1552.10,88.74,118.78
2013-03-25,220664,3.68,1556.89,1564.91,1546.22,1551.69,3178170000,1551.69,89.5,121.5
2013-04-01,222363,3.645,1569.18,1570.57,1558.47,1562.17,2753110000,1562.17,90.13,118.99
2013-04-08,221730,3.608,1553.26,1563.07,1548.63,1563.07,2887120000,1563.07,89.11,117.45
2013-04-15,217802,3.542,1588.84,1588.84,1552.28,1552.36,4660130000,1552.36,88.29,118.81
2013-04-22,215984,3.536,1555.25,1565.55,1548.19,1562.50,2979880000,1562.50,87.61,116.39
2013-04-29,215074,3.52,1582.34,1596.65,1582.34,1593.61,2891200000,1593.61,88.26,120.44
2013-05-06,217662,3.538,1614.40,1619.77,1614.21,1617.50,3062240000,1617.50,90.25,123.32
2013-05-13,220677,3.603,1632.10,1636.00,1626.74,1633.77,2910600000,1633.77,89.8,122.9
2013-05-20,219163,3.673,1665.71,1672.84,1663.52,1666.29,3275080000,1666.29,91.61,123.43
2013-06-03,221545,3.646,1631.71,1640.42,1622.72,1640.42,3952070000,1640.42,90.53,122.35
2013-06-10,221728,3.655,1644.67,1648.69,1639.26,1642.81,2978730000,1642.81,91.93,122.94
2013-06-17,225381,3.626,1630.64,1646.50,1630.34,1639.04,3137080000,1639.04,90.97,120.45
2013-06-24,223662,3.577,1588.77,1588.77,1560.33,1573.09,4733660000,1573.09,88.95,117.71
2013-07-01,221028,3.496,1609.78,1626.61,1609.78,1614.96,3104690000,1614.96,90.39,118.35
2013-07-08,224083,3.492,1634.20,1644.68,1634.20,1640.46,3514590000,1640.46,91.96,121.29
2013-07-15,222694,3.639,1679.59,1684.51,1677.89,1682.50,2623200000,1682.50,93.19,124.11
2013-07-22,223464,3.682,1694.41,1697.61,1690.67,1695.53,2779130000,1695.53,94.87,126.71
2013-07-29,223599,3.646,1690.32,1690.92,1681.86,1685.33,2840520000,1685.33,94.51,127.37
2013-08-05,222430,3.632,1708.01,1709.24,1703.55,1707.14,2529300000,1707.14,91.42,124.72
2013-08-12,218401,3.561,1688.37,1691.49,1683.35,1689.47,2789160000,1689.47,90.43,122
2013-08-19,217814,3.55,1655.25,1659.18,1645.84,1646.06,2904530000,1646.06,87.82,119.69
2013-08-26,215987,3.552,1664.29,1669.51,1656.02,1656.78,2430670000,1656.78,87.5,119.74
2013-09-09,216018,3.587,1656.85,1672.40,1656.85,1671.71,3102780000,1671.71,87.34,121.21
2013-09-16,216235,3.547,1691.70,1704.95,1691.70,1697.60,3079800000,1697.60,88.88,124.98
2013-09-23,219730,3.495,1711.44,1711.44,1697.10,1701.84,3126950000,1701.84,88.29,124.62
2013-09-30,219879,3.425,1687.26,1687.26,1674.99,1681.55,3308630000,1681.55,86.06,121.6
2013-10-07,217309,3.367,1687.15,1687.15,1674.70,1676.12,2678490000,1676.12,85.57,117.43
2013-10-14,215504,3.354,1699.86,1711.03,1692.13,1710.14,2580580000,1710.14,86.51,117.33
2013-10-21,213791,3.36,1745.20,1747.79,1740.67,1744.66,3052710000,1744.66,87.5,119.63
2013-10-28,210036,3.294,1759.42,1764.99,1757.67,1762.11,3282300000,1762.11,87.83,120.56
2013-11-04,209198,3.265,1763.40,1768.78,1761.56,1767.93,3194870000,1767.93,90,118.59
2013-11-11,208853,3.194,1769.96,1773.44,1767.85,1771.89,2534060000,1771.89,92.85,121.18
2013-11-18,210604,3.219,1798.82,1802.33,1788.00,1791.53,3168520000,1791.53,95.98,120.7
2013-11-25,212432,3.293,1806.33,1808.10,1800.58,1802.48,2998540000,1802.48,95.21,123.77
2013-12-02,219149,3.272,1806.55,1810.02,1798.60,1800.90,3095430000,1800.90,93.27,122.87
2013-12-09,220486,3.269,1806.21,1811.52,1806.21,1808.37,3129500000,1808.37,95.95,122.27
2013-12-16,219872,3.239,1777.48,1792.22,1777.48,1786.54,3209890000,1786.54,96.28,120.46
2013-12-23,220716,3.271,1822.92,1829.75,1822.92,1827.99,2851540000,1827.99,99,123.41
2013-12-30,226959,3.331,1841.47,1842.47,1838.77,1841.07,2293860000,1841.07,101.53,124.79
2014-01-06,233142,3.332,1832.31,1837.16,1823.73,1826.77,3294850000,1826.77,99.94,124.59
2014-01-13,235265,3.327,1841.26,1843.45,1815.52,1819.20,3591350000,1819.20,99.91,120.81
2014-01-27,234951,3.295,1791.03,1795.98,1772.88,1781.56,4045200000,1781.56,95.08,116.25
2014-02-03,233098,3.292,1782.68,1784.83,1739.66,1741.89,4726040000,1741.89,91.92,112.35
2014-02-10,233407,3.309,1796.20,1799.94,1791.83,1799.84,3312160000,1799.84,90.45,112.47
2014-02-24,228996,3.444,1836.78,1858.71,1836.78,1847.61,4014530000,1847.61,95.61,113.37
2014-03-03,223766,3.479,1857.68,1857.68,1834.44,1845.73,3428220000,1845.73,95.76,114.79
2014-03-10,222299,3.512,1877.86,1877.87,1867.04,1877.17,3021350000,1877.17,95.15,115.45
2014-03-17,217198,3.547,1842.81,1862.30,1842.81,1858.83,2860490000,1858.83,93.95,114.26
2014-03-24,215624,3.549,1867.67,1873.34,1849.69,1857.44,3409000000,1857.44,94.76,116
2014-03-31,210436,3.579,1859.16,1875.18,1859.16,1872.34,3274300000,1872.34,98.49,118.79
2014-04-07,210282,3.596,1863.92,1864.04,1841.48,1845.04,3801540000,1845.04,97.25,118.32
2014-04-14,210008,3.651,1818.18,1834.19,1815.80,1830.61,3111540000,1830.61,97.49,117.84
2014-04-21,211572,3.683,1865.79,1871.89,1863.18,1871.89,2642500000,1871.89,100.03,123.05
2014-04-28,213180,3.713,1865.00,1877.01,1850.61,1869.43,4034680000,1869.43,100.72,124.26
2014-05-05,212408,3.684,1879.45,1885.51,1866.77,1884.66,2733730000,1884.66,101.69,124.82
2014-05-12,213378,3.668,1880.03,1897.13,1880.03,1896.65,3005740000,1896.65,102.33,125.57
2014-05-19,211575,3.665,1876.66,1886.00,1872.42,1885.08,2664250000,1885.08,100.42,122.95
2014-06-02,213482,3.69,1923.87,1925.88,1915.98,1924.97,2509020000,1924.97,100.53,122.93
2014-06-09,214267,3.674,1948.97,1955.55,1947.16,1951.27,2812180000,1951.27,101.45,124.01
2014-06-16,214977,3.686,1934.84,1941.15,1930.91,1937.78,2926130000,1937.78,102.57,127.15
2014-06-23,213742,3.704,1962.92,1963.74,1958.89,1962.61,2717630000,1962.61,104.11,132.52
2014-06-30,214321,3.704,1960.79,1964.24,1958.22,1960.23,3037350000,1960.23,101.21,130.15
2014-07-07,214492,3.678,1984.22,1984.22,1974.88,1977.65,2681260000,1977.65,102.33,130.44
2014-07-14,217871,3.635,1969.86,1979.85,1969.86,1977.10,2744920000,1977.10,102.17,128.8
2014-07-21,218236,3.593,1976.93,1976.93,1965.77,1973.63,2611160000,1973.63,102.36,130.11
2014-07-28,213849,3.539,1978.25,1981.52,1967.31,1978.91,2803320000,1978.91,103.29,133.56
2014-08-04,212689,3.515,1926.62,1942.92,1921.20,1938.99,3072920000,1938.99,98.74,127.69
2014-08-11,213274,3.505,1933.43,1944.90,1933.43,1936.92,2784890000,1936.92,99.28,128.16
2014-08-18,212314,3.472,1958.36,1971.99,1958.36,1971.74,2638160000,1971.74,99.28,126.27
2014-08-25,209992,3.454,1991.74,2001.95,1991.74,1997.92,2233880000,1997.92,98.81,127.57
2014-09-08,210738,3.457,2007.17,2007.17,1995.60,2001.54,2789090000,2001.54,98.92,126.68
2014-09-15,210324,3.408,1986.04,1987.18,1978.48,1984.13,2776530000,1984.13,95.73,122.35
2014-09-22,208488,3.353,2009.08,2009.08,1991.01,1994.29,3349670000,1994.29,96.9,124.6
2014-09-29,209668,3.354,1978.96,1981.28,1964.04,1977.80,3094440000,1977.80,94.71,120.72
2014-10-06,205673,3.299,1970.01,1977.84,1958.43,1964.82,3358220000,1964.82,94.01,117.91
2014-10-13,204374,3.207,1905.65,1912.09,1874.14,1874.74,4352580000,1874.74,91.32,113.55
2014-10-20,203138,3.12,1885.62,1905.03,1882.30,1904.01,3331210000,1904.01,90.63,111.53
2014-10-27,201760,3.056,1962.97,1964.64,1951.37,1961.63,3538860000,1961.63,93.85,114.38
2014-11-03,203565,2.993,2018.21,2024.46,2013.68,2017.81,3555440000,2017.81,96.56,119.83
2014-11-10,204599,2.941,2032.01,2038.70,2030.17,2038.26,3284940000,2038.26,96.87,119.58
2014-11-17,206424,2.894,2038.29,2043.07,2034.46,2041.32,3152890000,2041.32,94.85,115.96
2014-11-24,208567,2.821,2065.07,2070.17,2065.07,2069.41,3128060000,2069.41,96.34,118.13
2014-12-01,216764,2.778,2065.78,2065.78,2049.57,2053.44,4159010000,2053.44,90.36,109.38
2014-12-08,222014,2.679,2074.84,2075.78,2054.27,2060.31,3800990000,2060.31,92.9,109.89
2014-12-15,226097,2.554,2005.03,2018.69,1982.26,1989.63,4361990000,1989.63,87.53,103.13
2014-12-22,229048,2.403,2069.28,2078.76,2069.28,2078.54,3369520000,2078.54,92.96,112.36
2014-12-29,237163,2.299,2087.63,2093.55,2085.75,2090.57,2452360000,2090.57,93.33,113.44
2015-01-05,240334,2.214,2054.44,2054.44,2017.34,2020.58,3799120000,2020.58,92.1,110.96
2015-01-12,240922,2.139,2046.13,2049.30,2022.58,2028.26,3456460000,2028.26,91.24,107.47
2015-01-26,240670,2.044,2050.42,2057.62,2040.97,2057.09,3465760000,2057.09,90.61,107.22
2015-02-02,242647,2.068,1996.67,2021.66,1980.90,2020.85,4008330000,2020.85,87.85,103.98
2015-02-09,243132,2.191,2053.47,2056.16,2041.88,2046.74,3549540000,2046.74,91.4,109.84
2015-02-23,240060,2.332,2109.83,2110.05,2103.00,2109.66,3093680000,2109.66,89.26,107.79
2015-03-02,239873,2.473,2105.23,2117.52,2104.50,2117.39,3409490000,2117.39,88.34,106.32
2015-03-09,235400,2.487,2072.25,2083.49,2072.21,2079.43,3349090000,2079.43,86.12,103.6
2015-03-16,233386,2.453,2055.35,2081.41,2055.35,2081.19,3295600000,2081.19,83.71,101.44
2015-03-23,229128,2.457,2107.99,2114.86,2104.42,2104.42,3267960000,2104.42,85.02,107.51
2015-03-30,229945,2.448,2064.11,2088.97,2064.11,2086.24,2917690000,2086.24,84.27,104.97
2015-04-06,227873,2.413,2064.87,2086.99,2056.52,2080.62,3302970000,2080.62,85.15,106.03
2015-04-13,225738,2.408,2102.03,2107.65,2092.33,2092.43,2908420000,2092.43,85.92,107.35
2015-04-20,227451,2.485,2084.11,2103.94,2084.11,2100.40,3000160000,2100.40,87.13,109.57
2015-04-27,227852,2.57,2119.29,2125.92,2107.04,2108.92,3438750000,2108.92,87.41,110.34
2015-05-04,226710,2.664,2110.23,2120.95,2110.23,2114.49,3091580000,2114.49,89.42,109.38
2015-05-11,223936,2.691,2115.56,2117.69,2104.58,2105.33,2992670000,2105.33,88.53,108.65
2015-05-18,220627,2.744,2121.30,2131.78,2120.01,2129.20,2888190000,2129.20,87.31,107.5
2015-06-01,217354,2.78,2108.64,2119.15,2102.54,2111.73,3011710000,2111.73,85.25,103.47
2015-06-08,217814,2.78,2092.34,2093.01,2079.11,2079.28,2917150000,2079.28,84.18,101.29
2015-06-15,218494,2.835,2091.34,2091.34,2072.49,2084.43,3061570000,2084.43,83.53,99.45
2015-06-22,216737,2.812,2112.50,2129.87,2112.50,2122.85,3030020000,2122.85,85.39,99.83
2015-06-29,217952,2.801,2098.63,2098.63,2056.64,2057.64,3678960000,2057.64,83.05,97.5
2015-07-06,218010,2.793,2073.95,2078.61,2058.40,2068.76,3486360000,2068.76,82.42,95.06
2015-07-13,216285,2.834,2080.03,2100.67,2080.03,2099.60,3096730000,2099.60,82.11,94.31
2015-07-20,215922,2.802,2126.85,2132.82,2123.66,2128.28,3245870000,2128.28,82.15,93.3
2015-07-27,216733,2.745,2078.19,2078.19,2063.52,2067.64,3836750000,2067.64,79.23,89.86
2015-08-03,215482,2.689,2104.49,2105.70,2087.31,2098.04,3476770000,2098.04,78.7,87.28
2015-08-10,212774,2.629,2080.98,2105.35,2080.98,2104.18,3514460000,2104.18,77.09,84.2
2015-08-17,214434,2.716,2089.70,2102.87,2079.30,2102.44,2867690000,2102.44,77.93,84.46
2015-08-24,214163,2.637,1965.15,1965.15,1867.01,1893.21,6612690000,1893.21,67.99,70.55
2015-08-31,214547,2.51,1986.73,1986.73,1965.98,1972.18,3915100000,1972.18,74.28,80.01
2015-09-14,218756,2.375,1963.06,1963.06,1948.27,1953.03,3000200000,1953.03,72.31,75.52
2015-09-21,222010,2.327,1960.84,1979.64,1955.80,1966.97,3269350000,1966.97,73.1,78.3
2015-09-28,223920,2.322,1929.18,1929.18,1879.21,1881.77,4326660000,1881.77,72.62,76.66
2015-10-05,221302,2.318,1954.33,1989.17,1954.33,1987.05,4334490000,1987.05,76.65,82.41
2015-10-12,219784,2.337,2015.65,2018.66,2010.55,2017.46,2893250000,2017.46,79.59,89.86
2015-10-19,218647,2.277,2031.73,2034.45,2022.31,2033.66,3287320000,2033.66,82.01,90.36
2015-10-26,215347,2.228,2075.08,2075.14,2066.53,2071.18,3385800000,2071.18,82.52,90.87
2015-11-02,213245,2.224,2080.76,2106.20,2080.76,2104.05,3760020000,2104.05,82.3,90.61
2015-11-09,214254,2.235,2096.56,2096.56,2068.24,2078.58,3882350000,2078.58,83.56,93.48
2015-11-16,216732,2.178,2022.08,2053.22,2019.39,2053.19,3741240000,2053.19,77.94,87.79
2015-11-23,216867,2.094,2089.41,2095.61,2081.39,2086.59,3587980000,2086.59,79.6,88.65
2015-11-30,217653,2.059,2090.95,2093.81,2080.41,2080.41,4275030000,2080.41,81.42,90.64
2015-12-07,219384,2.053,2090.42,2090.42,2066.78,2077.07,4043820000,2077.07,77.33,87.48
2015-12-14,220495,2.037,2013.37,2022.92,1993.26,2021.94,4612440000,2021.94,74.3,86.3
2015-12-21,221420,2.026,2010.27,2022.90,2005.93,2021.15,3760280000,2021.15,77.79,90.4
2015-12-28,231996,2.034,2057.77,2057.77,2044.20,2056.50,2492510000,2056.50,78.12,90.31
2016-01-04,240434,2.028,2038.20,2038.20,1989.68,2012.66,4304880000,2012.66,77.5,89.53
2016-01-11,244997,1.996,1926.12,1935.65,1901.10,1923.67,4607290000,1923.67,75.01,82.85
2016-01-25,254399,1.856,1906.28,1906.28,1875.97,1877.08,4401380000,1877.08,75.75,82.29
2016-02-01,255657,1.822,1936.94,1947.20,1920.30,1939.38,4322530000,1939.38,76.66,85.15
2016-02-08,258693,1.759,1873.25,1873.25,1828.46,1853.44,5636460000,1853.44,79.3,81.76
2016-02-22,254989,1.73,1924.44,1946.70,1924.44,1945.50,4054710000,1945.50,83.21,87.87
2016-02-29,250463,1.783,1947.13,1958.27,1931.81,1932.23,4588180000,1932.23,81.88,84.94
2016-03-07,249716,1.841,1996.11,2006.12,1989.38,2001.76,4968180000,2001.76,82.31,87.94
2016-03-14,245074,1.961,2019.27,2024.57,2012.05,2019.64,3487850000,2019.64,81.48,93.57
2016-03-21,242560,2.007,2047.88,2053.91,2043.14,2051.60,3376600000,2051.60,83.84,97.02
2016-03-28,243998,2.066,2037.89,2042.67,2031.96,2037.05,2809090000,2037.05,84.03,94.9
2016-04-04,239761,2.083,2073.19,2074.02,2062.57,2066.13,3485710000,2066.13,83.06,94.44
2016-04-11,239651,2.069,2050.23,2062.93,2041.88,2041.99,3567840000,2041.99,83.33,96.87
2016-04-18,241259,2.137,2078.83,2094.66,2073.65,2094.34,3316880000,2094.34,83.89,95.76
2016-04-25,241795,2.162,2089.37,2089.37,2077.52,2087.79,3319740000,2087.79,87.09,101.47
2016-05-02,240564,2.24,2067.17,2083.42,2066.11,2081.43,3841110000,2081.43,88.24,101.83
2016-05-09,238068,2.22,2057.55,2064.15,2054.31,2058.69,3788620000,2058.69,88.6,101.62
2016-05-16,240111,2.242,2046.53,2071.88,2046.53,2066.66,3501360000,2066.66,89.2,101.87
2016-05-23,238619,2.3,2052.23,2055.58,2047.26,2048.04,3055480000,2048.04,89,99.18
2016-06-06,237004,2.381,2100.83,2113.36,2100.83,2109.41,3442020000,2109.41,88.87,101.34
2016-06-13,237631,2.399,2091.75,2098.12,2078.46,2079.06,3392030000,2079.06,89.92,101.5
2016-06-20,238998,2.353,2075.58,2100.66,2075.58,2083.25,3467440000,2083.25,91.29,102.88
2016-06-27,238876,2.329,2031.45,2031.45,1991.68,2000.54,5431220000,2000.54,88.9,101.25
2016-07-11,241000,2.253,2131.72,2143.16,2131.72,2137.16,3253340000,2137.16,93.75,104.81
2016-07-18,241452,2.23,2162.04,2168.35,2159.63,2166.89,3009310000,2166.89,94.92,106.67
2016-07-25,238190,2.182,2173.71,2173.71,2161.95,2168.48,3057240000,2168.48,93.47,104.86
2016-08-01,235383,2.159,2173.15,2178.29,2166.21,2170.84,3505990000,2170.84,88.08,101.33
2016-08-08,232659,2.15,2183.76,2185.44,2177.85,2180.89,3327550000,2180.89,88.05,100.99
2016-08-15,232695,2.149,2186.08,2193.81,2186.08,2190.15,3078530000,2190.15,88.42,102.61
2016-08-22,232004,2.193,2181.58,2185.15,2175.96,2182.64,2777550000,2182.64,87.31,101.75
2016-08-29,227793,2.237,2170.19,2183.48,2170.19,2180.38,2654780000,2180.38,87.04,101.24
2016-09-12,225156,2.202,2120.86,2163.30,2119.12,2159.04,4010480000,2159.04,86.78,101.2
2016-09-19,227183,2.225,2143.99,2153.61,2135.91,2139.12,3163000000,2139.12,84.58,98.33
2016-09-26,227405,2.224,2158.54,2158.54,2145.04,2146.10,3216170000,2146.10,83.52,99.49
2016-10-03,225498,2.245,2164.33,2164.41,2154.77,2161.20,3137550000,2161.20,86.94,102.55
2016-10-10,227967,2.272,2160.39,2169.60,2160.39,2163.66,2916550000,2163.66,87.54,103.21
2016-10-17,226011,2.257,2132.95,2135.61,2124.43,2126.50,2830390000,2126.50,86.48,100.94
2016-10-24,223804,2.243,2148.50,2154.79,2146.91,2151.33,3357320000,2151.33,86.74,101.56
2016-10-31,220963,2.23,2129.78,2133.25,2125.53,2126.15,3922400000,2126.15,83.88,103.82
2016-11-07,221709,2.233,2100.59,2132.00,2100.59,2131.52,3736060000,2131.52,84.49,106
2016-11-14,224026,2.184,2165.64,2171.36,2156.08,2164.20,5367200000,2164.20,85.3,106.15
2016-11-21,226123,2.155,2186.43,2198.70,2186.43,2198.18,3607010000,2198.18,86.44,110.36
2016-11-28,229548,2.154,2210.21,2211.14,2200.36,2201.72,3505650000,2201.72,86.95,110.95
2016-12-05,230045,2.208,2200.65,2209.42,2199.97,2204.71,3895230000,2204.71,87.39,113.39
2016-12-12,228736,2.236,2258.83,2264.03,2252.37,2256.96,4034510000,2256.96,90.14,117.77
2016-12-19,227143,2.264,2259.24,2267.47,2258.21,2262.53,3248370000,2262.53,91.38,118.37
2017-01-09,246424,2.388,2273.59,2275.49,2268.90,2268.90,3217610000,2268.90,88.22,116.29
2017-01-23,257086,2.326,2267.78,2271.78,2257.02,2265.20,3152710000,2265.20,85.68,115.12
2017-01-30,256217,2.296,2286.01,2286.01,2268.04,2280.90,3591270000,2280.90,85.42,113.15
2017-02-06,259063,2.293,2294.28,2296.18,2288.57,2292.56,3109050000,2292.56,83.55,113.28
2017-02-13,256435,2.307,2321.72,2331.58,2321.42,2328.25,3349730000,2328.25,82.77,113.36
2017-02-27,249334,2.314,2365.23,2371.54,2361.87,2369.75,3582610000,2369.75,81.13,110.65
2017-03-06,246279,2.341,2375.23,2378.80,2367.98,2375.31,3232700000,2375.31,82.44,113.25
2017-03-13,243468,2.323,2371.56,2374.42,2368.52,2373.47,3133900000,2373.47,81.5,110.51
2017-03-20,239721,2.321,2378.24,2379.55,2369.66,2373.47,3054930000,2373.47,81.72,107.27
2017-03-27,239103,2.315,2329.11,2344.90,2322.25,2341.59,3240230000,2341.59,80.82,107
2017-04-03,236130,2.36,2362.34,2365.87,2344.73,2358.84,3416400000,2358.84,82.02,107.22
2017-04-10,237672,2.424,2357.16,2366.37,2351.50,2357.16,2785410000,2357.16,83.12,109.12
2017-04-17,241041,2.436,2332.62,2349.14,2332.51,2349.01,2824710000,2349.01,81.85,106.17
2017-04-24,241232,2.449,2370.33,2376.98,2369.19,2374.15,3690650000,2374.15,81.28,105.79
2017-05-01,241082,2.411,2388.50,2394.49,2384.83,2388.33,3199240000,2388.33,81.51,106.26
2017-05-08,240669,2.372,2399.94,2401.36,2393.92,2399.38,3429440000,2399.38,82,105.93
2017-05-15,239882,2.369,2393.98,2404.05,2393.94,2402.32,3473600000,2402.32,83,107.15
2017-05-22,237024,2.399,2387.21,2395.46,2386.92,2394.02,3172830000,2394.02,82.11,107.09
2017-06-05,242444,2.414,2437.83,2439.55,2434.32,2436.10,2912600000,2436.10,79.44,102.8
2017-06-12,241866,2.366,2425.88,2430.38,2419.97,2429.39,4027750000,2429.39,82.67,107.42
2017-06-19,240972,2.318,2442.55,2453.82,2441.79,2453.46,3264700000,2453.46,83.22,108.31
2017-06-26,237303,2.288,2443.32,2450.42,2437.03,2439.07,3238970000,2439.07,81.57,105.03
2017-07-03,235656,2.26,2431.39,2439.17,2428.69,2429.01,1962290000,2429.01,80.79,104.24
2017-07-10,231211,2.297,2424.51,2432.00,2422.27,2427.43,2999130000,2427.43,80,103.44
2017-07-17,230196,2.278,2459.50,2462.82,2457.16,2459.14,2793170000,2459.14,81,104.32
2017-07-24,227679,2.312,2472.04,2473.10,2466.32,2469.91,3010240000,2469.91,80.06,103.18
2017-07-31,231103,2.352,2475.94,2477.96,2468.53,2470.30,3469210000,2470.30,79.83,108.39
2017-08-07,231125,2.378,2477.14,2480.95,2475.88,2480.91,2931780000,2480.91,80.17,109.81
2017-08-14,229902,2.384,2454.96,2468.22,2454.96,2465.84,2822550000,2465.84,78.62,109.26
2017-08-21,229937,2.36,2425.50,2430.58,2417.35,2428.37,2788150000,2428.37,76.47,106.48
2017-08-28,226738,2.399,2447.35,2449.12,2439.03,2444.24,2677700000,2444.24,76.9,108.54
2017-09-11,216185,2.685,2474.52,2488.95,2474.52,2488.11,3291760000,2488.11,79.41,111.83
2017-09-18,217292,2.634,2502.51,2508.32,2499.92,2503.87,3194300000,2503.87,79.79,114.42
2017-09-25,218936,2.583,2499.39,2502.54,2488.03,2496.66,3297890000,2496.66,80.03,117.23
2017-10-02,221426,2.565,2521.20,2529.23,2520.40,2529.12,3199730000,2529.12,81.3,116.42
2017-10-09,222334,2.504,2551.39,2551.82,2541.60,2544.73,2483970000,2544.73,81.84,117.34
2017-10-16,216869,2.489,2555.57,2559.47,2552.64,2557.64,2916020000,2557.64,82.7,119.84
2017-10-23,212849,2.479,2578.08,2578.29,2564.33,2564.98,3211710000,2564.98,83.15,118.72
2017-10-30,209537,2.488,2577.75,2580.03,2568.25,2572.83,3658870000,2572.83,83.71,113.17
2017-11-06,210431,2.561,2587.47,2593.38,2585.66,2591.13,3539080000,2591.13,83.3,115.37
2017-11-13,210475,2.592,2576.53,2587.66,2574.48,2584.84,3402930000,2584.84,82.65,117.22
2017-11-20,214102,2.568,2579.49,2584.64,2578.24,2582.14,3003540000,2582.14,80.23,114.77
2017-11-27,220882,2.533,2602.66,2606.41,2598.87,2601.42,3006860000,2601.42,81.32,115.85
2017-12-04,226546,2.5,2657.19,2665.19,2639.03,2639.44,4023150000,2639.44,83.21,119.81
2017-12-11,227783,2.485,2652.19,2660.33,2651.47,2659.99,3091950000,2659.99,82.95,120.29
2017-12-18,228374,2.45,2685.92,2694.97,2685.92,2690.16,3724660000,2690.16,83.18,119.92
2018-01-08,240942,2.522,2742.67,2748.51,2737.60,2747.71,3242650000,2747.71,86.7,127.86
2018-01-22,242060,2.567,2809.16,2833.03,2808.12,2832.97,3471780000,2832.97,87.17,131.3
2018-01-29,245474,2.607,2867.23,2870.62,2851.48,2853.53,3573830000,2853.53,88.59,130.06
2018-02-05,249073,2.637,2741.06,2763.39,2638.17,2648.94,5283460000,2648.94,83.28,116.99
2018-02-12,249334,2.607,2636.75,2672.61,2622.45,2656.00,4055790000,2656.00,77.05,114.8
2018-02-26,251029,2.548,2757.37,2780.64,2753.78,2779.60,3424650000,2779.60,77.74,113.18
2018-03-05,244758,2.56,2681.06,2728.09,2675.75,2720.94,3710810000,2720.94,75.23,111.4
2018-03-12,243065,2.559,2790.54,2796.98,2779.26,2783.02,3185020000,2783.02,74.87,117.5
2018-03-19,239593,2.598,2741.38,2741.38,2694.59,2712.92,3302130000,2712.92,75,115.07
2018-03-26,238477,2.648,2619.35,2661.36,2601.81,2658.55,3511100000,2658.55,73.65,114.24
2018-04-02,238935,2.7,2633.45,2638.30,2553.80,2581.88,3598520000,2581.88,74.27,113.89
2018-04-09,235967,2.694,2617.18,2653.55,2610.79,2613.16,3062960000,2613.16,75.22,115.3
2018-04-16,236807,2.747,2670.10,2686.49,2665.16,2677.84,3019700000,2677.84,78.12,120.6
2018-04-23,237978,2.798,2675.40,2682.86,2657.99,2670.29,3017480000,2670.29,78.92,122
2018-04-30,235804,2.846,2682.51,2682.87,2648.04,2648.05,3734530000,2648.05,77.91,127.02
2018-05-07,232014,2.845,2680.34,2683.35,2664.70,2672.63,3237960000,2672.63,77.74,126.59
2018-05-14,233897,2.873,2738.47,2742.10,2725.47,2730.13,2972660000,2730.13,81.7,130.25
2018-05-21,234431,2.923,2735.39,2739.19,2725.70,2733.01,3019890000,2733.01,81.73,128.79
2018-06-04,236763,2.94,2741.67,2749.16,2740.54,2746.87,3376510000,2746.87,82.05,124.53
2018-06-11,240040,2.911,2780.18,2790.21,2780.17,2782.00,3232330000,2782.00,83.72,126.77
2018-06-18,241196,2.879,2765.79,2774.99,2757.12,2773.75,3287150000,2773.75,80.4,124.35
2018-06-25,239691,2.833,2742.94,2742.94,2698.67,2717.07,3655080000,2717.07,80.78,124.43
2018-07-02,238997,2.844,2704.95,2727.26,2698.95,2726.71,3073650000,2726.71,81.89,125.28
2018-07-09,235832,2.857,2775.62,2784.65,2770.73,2784.17,3050040000,2784.17,82.81,125
2018-07-16,233504,2.865,2797.36,2801.19,2793.39,2798.43,2812230000,2798.43,82.52,123.01
2018-07-23,230968,2.831,2799.17,2808.61,2795.14,2806.98,2907430000,2806.98,81.95,122.35
2018-07-30,233868,2.846,2819.00,2821.74,2798.11,2802.60,3245770000,2802.60,82.13,126.76
2018-08-06,233128,2.852,2840.29,2853.29,2835.98,2850.40,2874540000,2850.40,80.25,124.42
2018-08-13,234328,2.843,2835.46,2843.40,2819.88,2821.93,3158450000,2821.93,79.45,123.31
2018-08-20,232774,2.821,2853.93,2859.76,2850.62,2857.05,2748020000,2857.05,78.26,118
2018-08-27,234619,2.827,2884.69,2898.25,2884.69,2896.74,2854080000,2896.74,79.91,119.36
2018-09-10,234150,2.833,2881.39,2886.93,2875.94,2877.13,2731400000,2877.13,82.24,115.43
2018-09-17,235680,2.841,2903.83,2904.65,2886.16,2888.80,2947760000,2888.80,83,117.61
2018-09-24,235221,2.844,2921.83,2923.79,2912.63,2919.37,3372210000,2919.37,85.79,121.91
2018-10-01,236172,2.866,2926.29,2937.06,2917.91,2924.59,3364190000,2924.59,85.35,123.11
2018-10-08,234156,2.903,2877.53,2889.45,2862.08,2884.43,3330320000,2884.43,84.79,124.05
2018-10-15,229330,2.879,2763.83,2775.99,2749.03,2750.79,3300140000,2750.79,81.38,117.7
2018-10-22,226169,2.841,2773.94,2778.94,2749.22,2755.88,3307140000,2755.88,82,118.1
2018-10-29,228021,2.811,2682.65,2706.85,2603.54,2641.25,4673700000,2641.25,78.07,112.04
2018-11-05,226610,2.753,2726.37,2744.27,2717.94,2738.31,3623320000,2738.31,82.5,116.62
2018-11-12,225315,2.686,2773.93,2775.99,2722.00,2726.22,3670930000,2726.22,81.66,120.9
2018-11-19,224551,2.611,2730.74,2733.16,2681.09,2690.73,3772900000,2690.73,78.46,118.14
2018-11-26,226250,2.539,2649.97,2674.35,2649.97,2673.45,3443950000,2673.45,76.24,114.6
2018-12-03,228337,2.451,2790.50,2800.18,2773.38,2790.37,4186060000,2790.37,80.24,120.77
2018-12-10,230103,2.421,2630.86,2647.51,2583.23,2637.72,4151030000,2637.72,77.86,115.3
2018-12-17,233106,2.369,2590.75,2601.13,2530.54,2545.94,4616350000,2545.94,75.26,113.44
2018-12-24,239996,2.321,2400.56,2410.34,2351.10,2351.10,2613930000,2351.10,66.87,103.3
2018-12-31,248062,2.266,2498.94,2509.24,2482.82,2506.85,3442870000,2506.85,68.32,109.15
2019-01-07,255565,2.237,2535.61,2566.16,2524.56,2549.69,4104710000,2549.69,71.25,111.06
2019-01-14,259615,2.247,2580.31,2589.32,2570.41,2582.61,3664450000,2582.61,71.21,111.34
2019-01-28,257893,2.256,2644.97,2644.97,2624.06,2643.85,3612810000,2643.85,71.02,111.91
2019-02-04,258301,2.254,2706.49,2724.99,2698.75,2724.87,3359840000,2724.87,75.76,117.5
2019-02-11,256847,2.276,2712.40,2718.05,2703.79,2709.80,3361970000,2709.80,73.88,116.93
2019-02-25,250714,2.39,2804.35,2813.49,2794.99,2796.11,3804380000,2796.11,78.43,119.41
2019-03-04,246090,2.422,2814.37,2816.88,2767.66,2792.81,3919810000,2792.81,80.24,122.67
2019-03-11,241503,2.471,2747.61,2784.00,2747.61,2783.30,3749030000,2783.30,79.98,122.87
2019-03-18,238620,2.548,2822.61,2835.41,2821.99,2832.94,3552190000,2832.94,80.44,125.21
2019-03-25,236839,2.623,2796.01,2809.79,2785.02,2798.36,3376580000,2798.36,80,122.93
2019-04-01,229129,2.691,2848.63,2869.40,2848.63,2867.19,3500760000,2867.19,81.23,123.87
2019-04-08,227955,2.745,2888.46,2895.95,2880.78,2895.77,3054030000,2895.77,82.67,126.77
2019-04-15,225826,2.828,2908.32,2909.60,2896.48,2905.58,3088330000,2905.58,80.89,120.02
2019-04-22,226743,2.841,2898.78,2909.51,2896.35,2907.97,2997950000,2907.97,81.87,120.78
2019-04-29,226147,2.887,2940.58,2949.52,2939.35,2943.03,3118780000,2943.03,80.12,117.01
2019-05-06,225024,2.897,2908.89,2937.32,2898.21,2932.47,3181520000,2932.47,76.92,117.5
2019-05-13,228740,2.866,2840.19,2840.19,2801.43,2811.87,3894030000,2811.87,75.65,121.91
2019-05-20,230944,2.852,2841.94,2853.86,2831.29,2840.23,3288870000,2840.23,76.05,120.71
2019-06-03,234913,2.807,2751.53,2763.07,2728.81,2744.45,3966700000,2744.45,71.09,114.7
2019-06-10,233221,2.732,2885.83,2904.77,2885.51,2886.73,3209210000,2886.73,75.19,122.2
2019-06-17,232225,2.67,2889.75,2897.27,2887.30,2889.67,2810140000,2889.67,74.16,120.72
2019-06-24,230642,2.654,2951.42,2954.92,2944.05,2945.35,3136250000,2945.35,77.53,124.54
2019-07-01,229187,2.713,2971.41,2977.93,2952.22,2964.33,3513270000,2964.33,77.13,125.36
2019-07-08,232752,2.743,2979.77,2980.76,2970.09,2975.95,2904550000,2975.95,76.14,123.66
2019-07-15,232526,2.779,3017.80,3017.80,3008.77,3014.30,2874970000,3014.30,77.63,126.06
2019-07-22,230735,2.75,2981.93,2990.71,2976.65,2985.03,3003720000,2985.03,75.24,125.37
2019-07-29,235172,2.715,3024.47,3025.61,3014.30,3020.97,3203710000,3020.97,74.88,123.48
2019-08-05,233760,2.688,2898.07,2898.07,2822.12,2844.74,4513730000,2844.74,70.78,119.19
2019-08-12,234072,2.624,2907.07,2907.58,2873.14,2882.70,2851630000,2882.70,70.06,123.01
2019-08-19,231982,2.598,2913.48,2931.00,2913.48,2923.65,3212880000,2923.65,68.97,117.13
2019-08-26,229586,2.574,2866.70,2879.27,2856.00,2878.38,2857600000,2878.38,68.12,115.92
2019-09-09,229685,2.55,2988.43,2989.43,2969.39,2978.43,4002890000,2978.43,71.16,118.74
2019-09-16,230204,2.552,2996.41,3002.19,2990.67,2997.96,4274640000,2997.96,75.04,124.86
2019-09-23,229976,2.654,2983.50,2999.15,2982.23,2991.78,3186590000,2991.78,71.52,123.55
2019-09-30,228763,2.642,2967.07,2983.85,2967.07,2976.74,3247610000,2976.74,71.24,118.54
2019-10-07,226201,2.645,2944.23,2959.75,2935.68,2938.79,2940140000,2938.79,68.7,113.96
2019-10-14,223094,2.629,2965.81,2972.84,2962.94,2966.15,2557020000,2966.15,68.6,115.58
2019-10-21,220057,2.638,2996.48,3007.33,2995.35,3006.72,3271620000,3006.72,67.82,115.55
2019-10-28,217229,2.596,3032.12,3044.08,3032.12,3039.42,3521230000,3039.42,69.46,119.08
2019-11-04,219090,2.605,3078.96,3085.20,3074.87,3078.27,4146850000,3078.27,70.07,117.23
2019-11-11,220846,2.615,3080.33,3088.33,3075.82,3087.01,3035530000,3087.01,70.21,120.2
2019-11-18,225978,2.592,3117.91,3124.17,3112.06,3122.03,3436690000,3122.03,68.7,119.82
2019-11-25,229363,2.579,3117.44,3133.83,3117.44,3133.64,3511530000,3133.64,69.37,118.43
2019-12-02,234768,2.575,3143.85,3144.31,3110.78,3113.87,3268740000,3113.87,68.5,117.98
2019-12-09,237297,2.561,3141.86,3148.87,3135.46,3135.96,3345990000,3135.96,69.08,116.52
2019-12-16,239260,2.536,3183.63,3197.71,3183.63,3191.45,4051790000,3191.45,69.7,118.86
2019-12-23,242472,2.532,3226.05,3227.78,3222.30,3224.01,3060610000,3224.01,69.86,119.31
2019-12-30,251609,2.571,3240.09,3240.92,3216.57,3221.29,3013290000,3221.29,70.09,120.44
2020-01-06,258287,2.578,3217.55,3246.84,3214.64,3246.28,3674070000,3246.28,70.32,121.24
2020-01-13,260032,2.57,3271.13,3288.13,3268.43,3288.13,3456380000,3288.13,69.2,116.47
2020-01-27,261144,2.506,3247.16,3258.85,3234.50,3243.63,3823100000,3243.63,65.42,110.25
2020-02-03,261049,2.455,3235.66,3268.44,3235.66,3248.92,3757910000,3248.92,61.38,106.95
2020-02-10,259078,2.419,3318.28,3352.26,3317.77,3352.09,3450350000,3352.09,60.48,108.54
2020-02-24,252048,2.466,3257.61,3259.81,3214.65,3225.89,4842960000,3225.89,57.62,105.71
2020-03-02,246999,2.423,2974.28,3090.96,2945.19,3090.23,6376400000,3090.23,52.59,94.02
2020-03-09,240819,2.375,2863.89,2863.89,2734.43,2746.56,8423050000,2746.56,41.71,82.23
2020-03-16,239282,2.248,2508.59,2562.98,2380.94,2386.13,7781540000,2386.13,34.4,72.57
2020-03-23,246806,2.12,2290.71,2300.73,2191.86,2237.40,7402180000,2237.40,32.53,58.26
2020-03-30,257303,2.005,2558.98,2631.80,2545.28,2626.65,5746220000,2626.65,36.23,68.01
2020-04-06,262217,1.924,2578.28,2676.85,2574.57,2663.68,6391860000,2663.68,39.88,77
2020-04-13,263234,1.853,2782.46,2782.46,2721.17,2761.63,5274310000,2761.63,44.45,87.18
2020-04-20,259565,1.812,2845.62,2868.98,2820.43,2823.16,5220160000,2823.16,40.75,82.66
2020-04-27,256407,1.773,2854.65,2887.72,2852.89,2878.48,5194260000,2878.48,43.59,86.75
2020-05-04,252894,1.789,2815.01,2844.24,2797.85,2842.74,4723140000,2842.74,42.51,88.76
2020-05-11,255724,1.851,2915.46,2944.25,2903.44,2930.19,4807320000,2930.19,46.11,94.21
2020-05-18,255000,1.878,2913.86,2968.09,2913.86,2953.91,6364290000,2953.91,44.4,92.4
2020-06-01,258661,1.974,3038.78,3062.18,3031.54,3055.73,4673410000,3055.73,45.32,90.94
2020-06-08,256995,2.036,3199.92,3233.13,3196.00,3232.39,8437380000,3232.39,54.72,102.63
2020-06-15,255322,2.098,2993.76,3079.76,2965.66,3066.59,5740660000,3066.59,45.35,89.09
2020-06-22,256521,2.129,3094.42,3120.92,3079.39,3117.86,4665380000,3117.86,45.69,90.32
2020-06-29,251682,2.174,3018.59,3053.89,2999.74,3053.24,4462770000,3053.24,43.81,86.91
2020-07-06,248535,2.177,3155.29,3182.59,3155.29,3179.72,4736450000,3179.72,44.67,89.5
2020-07-13,246733,2.195,3205.08,3235.32,3149.43,3155.22,4890780000,3155.22,42.98,86.04
2020-07-20,247387,2.186,3224.29,3258.61,3215.16,3251.84,3971200000,3251.84,43.21,86.83
2020-07-27,247806,2.175,3219.84,3241.43,3214.25,3239.41,3963910000,3239.41,43.23,89.76
2020-08-03,247084,2.176,3288.26,3302.73,3284.53,3294.61,4643640000,3294.61,42.05,83.98
2020-08-10,243762,2.166,3356.04,3363.29,3335.44,3360.47,4318570000,3360.47,43.99,87.94
2020-08-17,239179,2.166,3380.86,3387.59,3379.22,3381.99,3671290000,3381.99,43.17,90.35
2020-08-24,234859,2.182,3418.09,3432.09,3413.13,3431.28,3728690000,3431.28,41.28,85.6
2020-08-31,231905,2.222,3509.73,3514.77,3493.25,3500.31,4342290000,3500.31,40.64,85.83
2020-09-14,227499,2.183,3363.56,3402.93,3363.56,3383.54,3832130000,3383.54,36.91,77.48
2020-09-21,228182,2.168,3285.57,3285.57,3229.10,3281.06,4828350000,3281.06,36.43,76.24
2020-09-28,226747,2.169,3333.90,3360.74,3332.91,3351.60,3946060000,3351.60,35.14,73.64
2020-10-05,225121,2.172,3367.27,3409.57,3367.27,3408.60,3686920000,3408.60,33.32,71.52
2020-10-12,227016,2.167,3500.02,3549.85,3499.61,3534.22,3428970000,3534.22,34.54,73.63
2020-10-19,226124,2.15,3493.66,3502.42,3419.93,3426.92,4086200000,3426.92,34.1,73.11
2020-10-26,227665,2.143,3441.42,3441.42,3364.86,3400.97,3988080000,3400.97,33.61,71.73
2020-11-02,225356,2.112,3296.20,3330.14,3279.74,3310.24,4310590000,3310.24,33.14,70.7
2020-11-09,227967,2.096,3583.04,3645.99,3547.48,3550.50,8556610000,3550.50,36.42,80
2020-11-16,230147,2.111,3600.16,3628.51,3600.16,3626.91,5281980000,3626.91,37.59,86.24
2020-11-23,233638,2.102,3566.82,3589.81,3552.77,3577.59,5036290000,3577.59,37.5,87.45
2020-11-30,237859,2.12,3634.18,3634.18,3594.39,3621.63,6291400000,3621.63,39.8,90.01
2020-12-07,238879,2.156,3694.73,3697.41,3678.88,3691.96,4788560000,3691.96,41.42,91.82
2020-12-14,237754,2.158,3675.27,3697.61,3645.84,3647.49,4594920000,3647.49,44.34,93.4
2020-12-21,236562,2.224,3684.28,3702.90,3636.48,3694.92,4732160000,3694.92,41.11,84.35
2020-12-28,241081,2.243,3723.03,3740.51,3723.03,3735.36,3527460000,3735.36,41.69,85.61
2021-01-04,245476,2.249,3764.61,3769.99,3662.71,3700.65,5006680000,3700.65,41.45,85.15
2021-01-11,245217,2.317,3803.14,3817.86,3789.02,3799.61,4450500000,3799.61,45.04,89.12
2021-01-25,252153,2.392,3851.68,3859.23,3797.16,3855.36,6955860000,3855.36,46.9,90.62
2021-02-01,256412,2.409,3731.17,3784.32,3725.62,3773.86,5392870000,3773.86,45.58,85.99
2021-02-08,257084,2.461,3892.59,3915.77,3892.59,3915.59,4635030000,3915.59,50.92,90.29
2021-02-22,243472,2.633,3885.55,3902.92,3874.71,3876.50,5870190000,3876.50,52.59,96.99
2021-03-01,231603,2.711,3842.51,3914.50,3842.51,3901.82,5071540000,3901.82,56.47,102.46
2021-03-08,232075,2.771,3844.39,3881.06,3819.25,3821.35,5852240000,3821.35,61.58,109.86
2021-03-15,232279,2.853,3942.96,3970.08,3923.54,3968.94,4882190000,3968.94,61.49,111.53
2021-03-22,230544,2.865,3916.48,3955.31,3914.16,3940.59,4311380000,3940.59,56.5,103.06
2021-03-29,234588,2.852,3969.31,3981.83,3943.25,3971.09,4619840000,3971.09,57.34,106.4
2021-04-05,234897,2.857,4034.44,4083.42,4034.44,4077.91,3999760000,4077.91,57.3,105.73
2021-04-12,234982,2.849,4124.71,4131.76,4114.82,4127.99,3578500000,4127.99,56.76,103.67
2021-04-19,235074,2.855,4179.80,4180.81,4150.47,4163.26,3788020000,4163.26,56.75,103.27
2021-04-26,235811,2.872,4185.03,4194.19,4182.36,4187.62,3738920000,4187.62,55.47,101.27
2021-05-03,236189,2.89,4191.98,4209.39,4188.03,4192.66,4061170000,4192.66,57.98,103.98
2021-05-10,234226,2.961,4228.29,4236.39,4188.13,4188.43,3678970000,4188.43,63.24,111.44
2021-05-17,232481,3.028,4169.92,4171.92,4142.69,4163.29,3307130000,4163.29,60.54,109.09
2021-05-24,233980,3.02,4170.16,4209.52,4170.16,4197.05,2947400000,4197.05,59.08,104.95
2021-06-07,242980,3.035,4229.34,4232.34,4215.66,4226.52,3835570000,4226.52,61.33,108.37
2021-06-14,240050,3.069,4248.31,4255.59,4234.07,4255.15,3612050000,4255.15,62.3,108.18
2021-06-21,241572,3.06,4173.40,4226.24,4173.40,4224.79,3391740000,4224.79,60.93,104.1
2021-06-28,235497,3.091,4284.90,4292.14,4274.67,4290.61,3415610000,4290.61,64.52,106.75
2021-07-12,236414,3.133,4372.41,4386.68,4364.03,4384.63,2983980000,4384.63,60.49,103.56
2021-07-19,234161,3.153,4296.40,4296.40,4233.13,4258.49,4155790000,4258.49,55.64,95.82
2021-07-26,228870,3.136,4409.58,4422.73,4405.45,4422.30,2679110000,4422.30,57,99.58
2021-08-02,227469,3.159,4406.86,4422.18,4384.81,4387.16,2919940000,4387.16,57.52,102.08
2021-08-09,228165,3.172,4437.77,4439.39,4424.74,4432.35,2779880000,4432.35,57.07,101.24
2021-08-16,225924,3.174,4461.65,4480.26,4437.66,4479.71,2707170000,4479.71,56.02,100.83
2021-08-23,227214,3.145,4450.29,4489.88,4450.29,4479.53,2965520000,4479.53,53.95,96.09
2021-08-30,219999,3.139,4513.76,4537.36,4513.76,4528.79,2557300000,4528.79,56.24,99.09
2021-09-13,221616,3.165,4474.81,4492.99,4445.70,4468.73,3096390000,4468.73,54.65,97.21
2021-09-20,221809,3.184,4402.95,4402.95,4305.91,4357.73,3773680000,4357.73,53.78,94.64
2021-09-27,225065,3.175,4442.12,4457.30,4436.19,4443.11,3032870000,4443.11,58.85,102.59
2021-10-04,223107,3.19,4348.84,4355.51,4278.94,4300.46,3110560000,4300.46,61.32,105
2021-10-11,217739,3.267,4385.44,4415.88,4360.59,4361.19,2580000000,4361.19,63.03,109.56
2021-10-18,215746,3.322,4463.72,4488.75,4447.47,4486.46,2683540000,4486.46,63.09,110.22
2021-10-25,214258,3.383,4553.69,4572.62,4537.36,4566.48,3250210000,4566.48,63.72,113.53
2021-11-01,212703,3.39,4610.62,4620.34,4595.06,4613.67,2924000000,4613.67,65.07,115.03
2021-11-08,211996,3.41,4701.48,4714.92,4694.39,4701.70,3465720000,4701.70,65.55,115.09
2021-11-15,211393,3.399,4689.30,4697.42,4672.86,4682.80,2618980000,4682.80,63.76,114.95
2021-11-22,215422,3.395,4712.00,4743.83,4682.17,4682.94,3206280000,4682.94,60.32,112.02
2021-11-29,219304,3.38,4628.75,4672.95,4625.26,4655.27,3471380000,4655.27,62.57,116.34
2021-12-06,218585,3.341,4548.37,4612.60,4540.51,4591.67,3305690000,4591.67,61.72,115.96
2021-12-13,224118,3.315,4710.30,4710.30,4667.60,4668.97,3322050000,4668.97,62.47,117.46
2021-12-20,222659,3.295,4587.90,4587.90,4531.10,4568.02,3395780000,4568.02,58.79,111.86
2021-12-27,232787,3.275,4733.99,4791.49,4733.99,4791.19,2264120000,4791.19,60.93,116.07
2022-01-03,240748,3.281,4778.14,4796.64,4758.17,4796.56,2775190000,4796.56,61.24,117.42
2022-01-10,246621,3.295,4655.34,4673.02,4582.24,4670.29,3621800000,4670.29,68.97,125.15
2022-01-24,250037,3.323,4356.32,4417.35,4222.62,4410.13,5172540000,4410.13,70.88,124.45
2022-01-31,248393,3.368,4431.79,4516.89,4414.02,4515.55,4001950000,4515.55,74.97,130.19
2022-02-07,247061,3.444,4505.75,4521.86,4471.47,4483.87,3291600000,4483.87,81.14,135.34
2022-02-14,246479,3.487,4412.61,4426.22,4364.84,4401.67,3466170000,4401.67,79.58,137.94
2022-02-28,244606,3.608,4354.17,4388.84,4315.12,4373.94,4594010000,4373.94,76.51,139.27
2022-03-07,240991,4.102,4327.01,4327.01,4199.85,4201.09,5506330000,4201.09,84.92,159.9
2022-03-14,238043,4.315,4202.75,4247.57,4161.72,4173.11,4757600000,4173.11,83.06,166.21
2022-03-21,238828,4.239,4462.40,4481.75,4424.30,4461.18,3961050000,4461.18,80.12,163.02
2022-03-28,236787,4.231,4541.09,4575.65,4517.69,4575.52,3696850000,4575.52,83.17,165.9
2022-04-04,233139,4.17,4547.97,4583.50,4539.21,4582.64,3833500000,4582.64,83.56,165
2022-04-11,232378,4.091,4462.64,4464.35,4408.38,4412.53,3452540000,4412.53,85.78,168.57
2022-04-18,230805,4.066,4385.63,4410.31,4370.30,4391.69,3509340000,4391.69,88.5,173
2022-04-25,228575,4.107,4255.34,4299.02,4200.82,4296.12,4061070000,4296.12,82.23,155.73
2022-05-02,224968,4.182,4130.61,4169.81,4062.51,4155.38,4474060000,4155.38,85.01,156.31
2022-05-09,220189,4.328,4081.27,4081.27,3975.48,3991.24,4746120000,3991.24,89.44,167.75
2022-05-16,219707,4.491,4013.02,4046.46,3983.99,4008.01,3824320000,4008.01,88.98,169
2022-05-23,218996,4.593,3919.42,3981.88,3909.04,3973.75,3392770000,3973.75,92.66,169.43
2022-06-06,217474,4.876,4134.72,4168.78,4109.18,4121.43,3852050000,4121.43,99.18,177.9
